x-axis,1,2
second,Volt,Volt
-200.000E+00,,
-199.900E+00,+5.308E+00,+1.110E+00
-199.800E+00,+5.308E+00,+1.110E+00
-199.700E+00,+5.308E+00,+1.110E+00
-199.600E+00,+5.308E+00,+1.110E+00
-199.500E+00,+5.308E+00,+1.110E+00
-199.400E+00,+5.308E+00,+1.110E+00
-199.300E+00,+5.308E+00,+1.110E+00
-199.200E+00,+5.308E+00,+1.110E+00
-199.100E+00,+5.306E+00,+1.110E+00
-199.000E+00,+5.308E+00,+1.110E+00
-198.900E+00,+5.308E+00,+1.110E+00
-198.800E+00,+5.306E+00,+1.110E+00
-198.700E+00,+5.306E+00,+1.110E+00
-198.600E+00,+5.306E+00,+1.110E+00
-198.500E+00,+5.306E+00,+1.110E+00
-198.400E+00,+5.306E+00,+1.110E+00
-198.300E+00,+5.306E+00,+1.110E+00
-198.200E+00,+5.306E+00,+1.110E+00
-198.100E+00,+5.304E+00,+1.110E+00
-198.000E+00,+5.302E+00,+1.110E+00
-197.900E+00,+5.297E+00,+1.110E+00
-197.800E+00,+5.293E+00,+1.110E+00
-197.700E+00,+5.283E+00,+1.110E+00
-197.600E+00,+5.271E+00,+1.110E+00
-197.500E+00,+5.256E+00,+1.110E+00
-197.400E+00,+5.246E+00,+1.110E+00
-197.300E+00,+5.240E+00,+1.110E+00
-197.200E+00,+5.232E+00,+1.110E+00
-197.100E+00,+5.218E+00,+1.110E+00
-197.000E+00,+5.207E+00,+1.110E+00
-196.900E+00,+5.193E+00,+1.110E+00
-196.800E+00,+5.179E+00,+1.110E+00
-196.700E+00,+5.172E+00,+1.110E+00
-196.600E+00,+5.166E+00,+1.110E+00
-196.500E+00,+5.162E+00,+1.110E+00
-196.400E+00,+5.158E+00,+1.110E+00
-196.300E+00,+5.150E+00,+1.110E+00
-196.200E+00,+5.146E+00,+1.110E+00
-196.100E+00,+5.142E+00,+1.110E+00
-196.000E+00,+5.136E+00,+1.110E+00
-195.900E+00,+5.123E+00,+1.110E+00
-195.800E+00,+5.109E+00,+1.110E+00
-195.700E+00,+5.101E+00,+1.110E+00
-195.600E+00,+5.093E+00,+1.110E+00
-195.500E+00,+5.084E+00,+1.110E+00
-195.400E+00,+5.078E+00,+1.110E+00
-195.300E+00,+5.072E+00,+1.110E+00
-195.200E+00,+5.064E+00,+1.110E+00
-195.100E+00,+5.054E+00,+1.110E+00
-195.000E+00,+5.045E+00,+1.110E+00
-194.900E+00,+5.031E+00,+1.110E+00
-194.800E+00,+5.025E+00,+1.110E+00
-194.700E+00,+5.023E+00,+1.110E+00
-194.600E+00,+5.013E+00,+1.110E+00
-194.500E+00,+4.998E+00,+1.110E+00
-194.400E+00,+4.986E+00,+1.110E+00
-194.300E+00,+4.980E+00,+1.110E+00
-194.200E+00,+4.978E+00,+1.110E+00
-194.100E+00,+4.974E+00,+1.112E+00
-194.000E+00,+4.968E+00,+1.112E+00
-193.900E+00,+4.959E+00,+1.115E+00
-193.800E+00,+4.943E+00,+1.115E+00
-193.700E+00,+4.927E+00,+1.115E+00
-193.600E+00,+4.920E+00,+1.114E+00
-193.500E+00,+4.916E+00,+1.114E+00
-193.400E+00,+4.914E+00,+1.114E+00
-193.300E+00,+4.904E+00,+1.115E+00
-193.200E+00,+4.892E+00,+1.117E+00
-193.100E+00,+4.890E+00,+1.117E+00
-193.000E+00,+4.890E+00,+1.115E+00
-192.900E+00,+4.885E+00,+1.115E+00
-192.800E+00,+4.877E+00,+1.119E+00
-192.700E+00,+4.871E+00,+1.137E+00
-192.600E+00,+4.867E+00,+1.162E+00
-192.500E+00,+4.855E+00,+1.162E+00
-192.400E+00,+4.830E+00,+1.172E+00
-192.300E+00,+4.816E+00,+1.184E+00
-192.200E+00,+4.812E+00,+1.190E+00
-192.100E+00,+4.810E+00,+1.196E+00
-192.000E+00,+4.806E+00,+1.198E+00
-191.900E+00,+4.802E+00,+1.201E+00
-191.800E+00,+4.793E+00,+1.213E+00
-191.700E+00,+4.787E+00,+1.225E+00
-191.600E+00,+4.785E+00,+1.225E+00
-191.500E+00,+4.781E+00,+1.229E+00
-191.400E+00,+4.777E+00,+1.227E+00
-191.300E+00,+4.773E+00,+1.227E+00
-191.200E+00,+4.763E+00,+1.227E+00
-191.100E+00,+4.756E+00,+1.227E+00
-191.000E+00,+4.756E+00,+1.227E+00
-190.900E+00,+4.746E+00,+1.229E+00
-190.800E+00,+4.738E+00,+1.240E+00
-190.700E+00,+4.732E+00,+1.280E+00
-190.600E+00,+4.730E+00,+1.315E+00
-190.500E+00,+4.720E+00,+1.323E+00
-190.400E+00,+4.715E+00,+1.323E+00
-190.300E+00,+4.713E+00,+1.324E+00
-190.200E+00,+4.707E+00,+1.326E+00
-190.100E+00,+4.705E+00,+1.332E+00
-190.000E+00,+4.705E+00,+1.334E+00
-189.900E+00,+4.701E+00,+1.334E+00
-189.800E+00,+4.691E+00,+1.336E+00
-189.700E+00,+4.679E+00,+1.340E+00
-189.600E+00,+4.677E+00,+1.342E+00
-189.500E+00,+4.672E+00,+1.342E+00
-189.400E+00,+4.664E+00,+1.346E+00
-189.300E+00,+4.662E+00,+1.346E+00
-189.200E+00,+4.656E+00,+1.346E+00
-189.100E+00,+4.652E+00,+1.350E+00
-189.000E+00,+4.644E+00,+1.371E+00
-188.900E+00,+4.642E+00,+1.432E+00
-188.800E+00,+4.638E+00,+1.457E+00
-188.700E+00,+4.635E+00,+1.459E+00
-188.600E+00,+4.625E+00,+1.461E+00
-188.500E+00,+4.609E+00,+1.463E+00
-188.400E+00,+4.609E+00,+1.463E+00
-188.300E+00,+4.607E+00,+1.463E+00
-188.200E+00,+4.605E+00,+1.461E+00
-188.100E+00,+4.590E+00,+1.463E+00
-188.000E+00,+4.560E+00,+1.463E+00
-187.900E+00,+4.549E+00,+1.463E+00
-187.800E+00,+4.539E+00,+1.467E+00
-187.700E+00,+4.535E+00,+1.485E+00
-187.600E+00,+4.533E+00,+1.510E+00
-187.500E+00,+4.529E+00,+1.518E+00
-187.400E+00,+4.527E+00,+1.520E+00
-187.300E+00,+4.525E+00,+1.526E+00
-187.200E+00,+4.517E+00,+1.528E+00
-187.100E+00,+4.510E+00,+1.530E+00
-187.000E+00,+4.502E+00,+1.530E+00
-186.900E+00,+4.500E+00,+1.531E+00
-186.800E+00,+4.500E+00,+1.531E+00
-186.700E+00,+4.500E+00,+1.533E+00
-186.600E+00,+4.498E+00,+1.545E+00
-186.500E+00,+4.490E+00,+1.569E+00
-186.400E+00,+4.486E+00,+1.582E+00
-186.300E+00,+4.486E+00,+1.584E+00
-186.200E+00,+4.484E+00,+1.590E+00
-186.100E+00,+4.478E+00,+1.596E+00
-186.000E+00,+4.476E+00,+1.598E+00
-185.900E+00,+4.470E+00,+1.610E+00
-185.800E+00,+4.470E+00,+1.614E+00
-185.700E+00,+4.467E+00,+1.614E+00
-185.600E+00,+4.463E+00,+1.614E+00
-185.500E+00,+4.459E+00,+1.615E+00
-185.400E+00,+4.451E+00,+1.623E+00
-185.300E+00,+4.449E+00,+1.647E+00
-185.200E+00,+4.447E+00,+1.655E+00
-185.100E+00,+4.447E+00,+1.672E+00
-185.000E+00,+4.441E+00,+1.688E+00
-184.900E+00,+4.435E+00,+1.690E+00
-184.800E+00,+4.431E+00,+1.690E+00
-184.700E+00,+4.431E+00,+1.688E+00
-184.600E+00,+4.422E+00,+1.690E+00
-184.500E+00,+4.416E+00,+1.688E+00
-184.400E+00,+4.414E+00,+1.699E+00
-184.300E+00,+4.412E+00,+1.713E+00
-184.200E+00,+4.412E+00,+1.717E+00
-184.100E+00,+4.406E+00,+1.719E+00
-184.000E+00,+4.386E+00,+1.719E+00
-183.900E+00,+4.351E+00,+1.719E+00
-183.800E+00,+4.347E+00,+1.725E+00
-183.700E+00,+4.345E+00,+1.727E+00
-183.600E+00,+4.345E+00,+1.725E+00
-183.500E+00,+4.343E+00,+1.727E+00
-183.400E+00,+4.334E+00,+1.744E+00
-183.300E+00,+4.326E+00,+1.762E+00
-183.200E+00,+4.322E+00,+1.762E+00
-183.100E+00,+4.320E+00,+1.766E+00
-183.000E+00,+4.318E+00,+1.770E+00
-182.900E+00,+4.314E+00,+1.772E+00
-182.800E+00,+4.310E+00,+1.787E+00
-182.700E+00,+4.308E+00,+1.803E+00
-182.600E+00,+4.306E+00,+1.826E+00
-182.500E+00,+4.304E+00,+1.830E+00
-182.400E+00,+4.299E+00,+1.830E+00
-182.300E+00,+4.293E+00,+1.840E+00
-182.200E+00,+4.289E+00,+1.850E+00
-182.100E+00,+4.287E+00,+1.869E+00
-182.000E+00,+4.279E+00,+1.877E+00
-181.900E+00,+4.265E+00,+1.877E+00
-181.800E+00,+4.248E+00,+1.879E+00
-181.700E+00,+4.244E+00,+1.879E+00
-181.600E+00,+4.244E+00,+1.881E+00
-181.500E+00,+4.244E+00,+1.885E+00
-181.400E+00,+4.242E+00,+1.889E+00
-181.300E+00,+4.240E+00,+1.897E+00
-181.200E+00,+4.236E+00,+1.906E+00
-181.100E+00,+4.234E+00,+1.916E+00
-181.000E+00,+4.234E+00,+1.918E+00
-180.900E+00,+4.230E+00,+1.918E+00
-180.800E+00,+4.222E+00,+1.920E+00
-180.700E+00,+4.217E+00,+1.922E+00
-180.600E+00,+4.213E+00,+1.928E+00
-180.500E+00,+4.211E+00,+1.930E+00
-180.400E+00,+4.211E+00,+1.946E+00
-180.300E+00,+4.207E+00,+1.949E+00
-180.200E+00,+4.205E+00,+1.951E+00
-180.100E+00,+4.201E+00,+1.951E+00
-180.000E+00,+4.199E+00,+1.955E+00
-179.900E+00,+4.197E+00,+1.961E+00
-179.800E+00,+4.197E+00,+1.975E+00
-179.700E+00,+4.197E+00,+1.989E+00
-179.600E+00,+4.193E+00,+1.998E+00
-179.500E+00,+4.193E+00,+2.002E+00
-179.400E+00,+4.191E+00,+2.008E+00
-179.300E+00,+4.187E+00,+2.020E+00
-179.200E+00,+4.185E+00,+2.022E+00
-179.100E+00,+4.183E+00,+2.024E+00
-179.000E+00,+4.183E+00,+2.026E+00
-178.900E+00,+4.181E+00,+2.030E+00
-178.800E+00,+4.179E+00,+2.031E+00
-178.700E+00,+4.174E+00,+2.031E+00
-178.600E+00,+4.172E+00,+2.031E+00
-178.500E+00,+4.170E+00,+2.033E+00
-178.400E+00,+4.170E+00,+2.043E+00
-178.300E+00,+4.166E+00,+2.053E+00
-178.200E+00,+4.164E+00,+2.053E+00
-178.100E+00,+4.158E+00,+2.053E+00
-178.000E+00,+4.138E+00,+2.055E+00
-177.900E+00,+4.135E+00,+2.055E+00
-177.800E+00,+4.135E+00,+2.067E+00
-177.700E+00,+4.133E+00,+2.074E+00
-177.600E+00,+4.127E+00,+2.076E+00
-177.500E+00,+4.117E+00,+2.076E+00
-177.400E+00,+4.115E+00,+2.076E+00
-177.300E+00,+4.113E+00,+2.078E+00
-177.200E+00,+4.113E+00,+2.084E+00
-177.100E+00,+4.111E+00,+2.084E+00
-177.000E+00,+4.111E+00,+2.086E+00
-176.900E+00,+4.111E+00,+2.102E+00
-176.800E+00,+4.103E+00,+2.123E+00
-176.700E+00,+4.088E+00,+2.125E+00
-176.600E+00,+4.082E+00,+2.123E+00
-176.500E+00,+4.082E+00,+2.125E+00
-176.400E+00,+4.080E+00,+2.127E+00
-176.300E+00,+4.072E+00,+2.133E+00
-176.200E+00,+4.064E+00,+2.147E+00
-176.100E+00,+4.058E+00,+2.151E+00
-176.000E+00,+4.058E+00,+2.153E+00
-175.900E+00,+4.058E+00,+2.155E+00
-175.800E+00,+4.056E+00,+2.155E+00
-175.700E+00,+4.054E+00,+2.160E+00
-175.600E+00,+4.045E+00,+2.166E+00
-175.500E+00,+4.035E+00,+2.174E+00
-175.400E+00,+4.031E+00,+2.176E+00
-175.300E+00,+4.031E+00,+2.178E+00
-175.200E+00,+4.027E+00,+2.178E+00
-175.100E+00,+4.025E+00,+2.180E+00
-175.000E+00,+4.021E+00,+2.180E+00
-174.900E+00,+4.021E+00,+2.198E+00
-174.800E+00,+4.017E+00,+2.201E+00
-174.700E+00,+4.017E+00,+2.201E+00
-174.600E+00,+4.015E+00,+2.203E+00
-174.500E+00,+4.013E+00,+2.215E+00
-174.400E+00,+4.011E+00,+2.223E+00
-174.300E+00,+4.010E+00,+2.227E+00
-174.200E+00,+4.006E+00,+2.229E+00
-174.100E+00,+4.004E+00,+2.231E+00
-174.000E+00,+4.002E+00,+2.235E+00
-173.900E+00,+4.000E+00,+2.240E+00
-173.800E+00,+3.998E+00,+2.246E+00
-173.700E+00,+3.996E+00,+2.246E+00
-173.600E+00,+3.996E+00,+2.248E+00
-173.500E+00,+3.994E+00,+2.248E+00
-173.400E+00,+3.992E+00,+2.248E+00
-173.300E+00,+3.992E+00,+2.250E+00
-173.200E+00,+3.990E+00,+2.252E+00
-173.100E+00,+3.990E+00,+2.256E+00
-173.000E+00,+3.982E+00,+2.258E+00
-172.900E+00,+3.980E+00,+2.266E+00
-172.800E+00,+3.976E+00,+2.274E+00
-172.700E+00,+3.972E+00,+2.276E+00
-172.600E+00,+3.970E+00,+2.280E+00
-172.500E+00,+3.968E+00,+2.280E+00
-172.400E+00,+3.967E+00,+2.280E+00
-172.300E+00,+3.967E+00,+2.285E+00
-172.200E+00,+3.965E+00,+2.289E+00
-172.100E+00,+3.963E+00,+2.289E+00
-172.000E+00,+3.955E+00,+2.289E+00
-171.900E+00,+3.953E+00,+2.291E+00
-171.800E+00,+3.951E+00,+2.297E+00
-171.700E+00,+3.947E+00,+2.317E+00
-171.600E+00,+3.945E+00,+2.317E+00
-171.500E+00,+3.939E+00,+2.317E+00
-171.400E+00,+3.939E+00,+2.319E+00
-171.300E+00,+3.939E+00,+2.321E+00
-171.200E+00,+3.937E+00,+2.326E+00
-171.100E+00,+3.937E+00,+2.330E+00
-171.000E+00,+3.933E+00,+2.332E+00
-170.900E+00,+3.931E+00,+2.334E+00
-170.800E+00,+3.927E+00,+2.334E+00
-170.700E+00,+3.926E+00,+2.340E+00
-170.600E+00,+3.926E+00,+2.342E+00
-170.500E+00,+3.924E+00,+2.344E+00
-170.400E+00,+3.922E+00,+2.348E+00
-170.300E+00,+3.920E+00,+2.356E+00
-170.200E+00,+3.920E+00,+2.358E+00
-170.100E+00,+3.918E+00,+2.358E+00
-170.000E+00,+3.916E+00,+2.360E+00
-169.900E+00,+3.914E+00,+2.371E+00
-169.800E+00,+3.910E+00,+2.375E+00
-169.700E+00,+3.896E+00,+2.375E+00
-169.600E+00,+3.892E+00,+2.377E+00
-169.500E+00,+3.888E+00,+2.377E+00
-169.400E+00,+3.885E+00,+2.377E+00
-169.300E+00,+3.885E+00,+2.381E+00
-169.200E+00,+3.883E+00,+2.387E+00
-169.100E+00,+3.863E+00,+2.391E+00
-169.000E+00,+3.861E+00,+2.393E+00
-168.900E+00,+3.861E+00,+2.393E+00
-168.800E+00,+3.861E+00,+2.393E+00
-168.700E+00,+3.861E+00,+2.393E+00
-168.600E+00,+3.859E+00,+2.395E+00
-168.500E+00,+3.855E+00,+2.399E+00
-168.400E+00,+3.845E+00,+2.399E+00
-168.300E+00,+3.840E+00,+2.399E+00
-168.200E+00,+3.838E+00,+2.401E+00
-168.100E+00,+3.838E+00,+2.403E+00
-168.000E+00,+3.838E+00,+2.414E+00
-167.900E+00,+3.836E+00,+2.426E+00
-167.800E+00,+3.836E+00,+2.432E+00
-167.700E+00,+3.834E+00,+2.434E+00
-167.600E+00,+3.834E+00,+2.457E+00
-167.500E+00,+3.834E+00,+2.475E+00
-167.400E+00,+3.834E+00,+2.475E+00
-167.300E+00,+3.832E+00,+2.475E+00
-167.200E+00,+3.832E+00,+2.481E+00
-167.100E+00,+3.832E+00,+2.487E+00
-167.000E+00,+3.832E+00,+2.487E+00
-166.900E+00,+3.832E+00,+2.487E+00
-166.800E+00,+3.832E+00,+2.487E+00
-166.700E+00,+3.830E+00,+2.487E+00
-166.600E+00,+3.830E+00,+2.487E+00
-166.500E+00,+3.828E+00,+2.487E+00
-166.400E+00,+3.826E+00,+2.487E+00
-166.300E+00,+3.826E+00,+2.489E+00
-166.200E+00,+3.826E+00,+2.489E+00
-166.100E+00,+3.826E+00,+2.489E+00
-166.000E+00,+3.824E+00,+2.489E+00
-165.900E+00,+3.814E+00,+2.490E+00
-165.800E+00,+3.802E+00,+2.494E+00
-165.700E+00,+3.802E+00,+2.496E+00
-165.600E+00,+3.802E+00,+2.500E+00
-165.500E+00,+3.802E+00,+2.500E+00
-165.400E+00,+3.802E+00,+2.510E+00
-165.300E+00,+3.799E+00,+2.512E+00
-165.200E+00,+3.795E+00,+2.514E+00
-165.100E+00,+3.793E+00,+2.514E+00
-165.000E+00,+3.789E+00,+2.522E+00
-164.900E+00,+3.777E+00,+2.522E+00
-164.800E+00,+3.773E+00,+2.524E+00
-164.700E+00,+3.773E+00,+2.524E+00
-164.600E+00,+3.769E+00,+2.524E+00
-164.500E+00,+3.767E+00,+2.526E+00
-164.400E+00,+3.758E+00,+2.526E+00
-164.300E+00,+3.752E+00,+2.530E+00
-164.200E+00,+3.748E+00,+2.533E+00
-164.100E+00,+3.746E+00,+2.533E+00
-164.000E+00,+3.744E+00,+2.539E+00
-163.900E+00,+3.744E+00,+2.541E+00
-163.800E+00,+3.746E+00,+2.547E+00
-163.700E+00,+3.744E+00,+2.547E+00
-163.600E+00,+3.742E+00,+2.547E+00
-163.500E+00,+3.742E+00,+2.551E+00
-163.400E+00,+3.740E+00,+2.553E+00
-163.300E+00,+3.736E+00,+2.553E+00
-163.200E+00,+3.736E+00,+2.553E+00
-163.100E+00,+3.734E+00,+2.553E+00
-163.000E+00,+3.732E+00,+2.553E+00
-162.900E+00,+3.732E+00,+2.555E+00
-162.800E+00,+3.730E+00,+2.561E+00
-162.700E+00,+3.730E+00,+2.563E+00
-162.600E+00,+3.722E+00,+2.563E+00
-162.500E+00,+3.713E+00,+2.563E+00
-162.400E+00,+3.711E+00,+2.563E+00
-162.300E+00,+3.711E+00,+2.565E+00
-162.200E+00,+3.709E+00,+2.565E+00
-162.100E+00,+3.707E+00,+2.565E+00
-162.000E+00,+3.707E+00,+2.567E+00
-161.900E+00,+3.705E+00,+2.569E+00
-161.800E+00,+3.701E+00,+2.569E+00
-161.700E+00,+3.701E+00,+2.569E+00
-161.600E+00,+3.701E+00,+2.569E+00
-161.500E+00,+3.701E+00,+2.569E+00
-161.400E+00,+3.695E+00,+2.580E+00
-161.300E+00,+3.693E+00,+2.584E+00
-161.200E+00,+3.691E+00,+2.584E+00
-161.100E+00,+3.691E+00,+2.584E+00
-161.000E+00,+3.689E+00,+2.586E+00
-160.900E+00,+3.679E+00,+2.598E+00
-160.800E+00,+3.668E+00,+2.600E+00
-160.700E+00,+3.668E+00,+2.600E+00
-160.600E+00,+3.666E+00,+2.600E+00
-160.500E+00,+3.664E+00,+2.600E+00
-160.400E+00,+3.664E+00,+2.600E+00
-160.300E+00,+3.662E+00,+2.602E+00
-160.200E+00,+3.662E+00,+2.606E+00
-160.100E+00,+3.664E+00,+2.639E+00
-160.000E+00,+3.662E+00,+2.660E+00
-159.900E+00,+3.662E+00,+2.658E+00
-159.800E+00,+3.662E+00,+2.658E+00
-159.700E+00,+3.660E+00,+2.658E+00
-159.600E+00,+3.660E+00,+2.658E+00
-159.500E+00,+3.660E+00,+2.658E+00
-159.400E+00,+3.658E+00,+2.658E+00
-159.300E+00,+3.658E+00,+2.658E+00
-159.200E+00,+3.656E+00,+2.660E+00
-159.100E+00,+3.656E+00,+2.664E+00
-159.000E+00,+3.654E+00,+2.666E+00
-158.900E+00,+3.654E+00,+2.664E+00
-158.800E+00,+3.654E+00,+2.662E+00
-158.700E+00,+3.652E+00,+2.662E+00
-158.600E+00,+3.652E+00,+2.666E+00
-158.500E+00,+3.652E+00,+2.666E+00
-158.400E+00,+3.650E+00,+2.668E+00
-158.300E+00,+3.648E+00,+2.666E+00
-158.200E+00,+3.648E+00,+2.668E+00
-158.100E+00,+3.646E+00,+2.682E+00
-158.000E+00,+3.644E+00,+2.688E+00
-157.900E+00,+3.642E+00,+2.688E+00
-157.800E+00,+3.640E+00,+2.688E+00
-157.700E+00,+3.638E+00,+2.688E+00
-157.600E+00,+3.638E+00,+2.688E+00
-157.500E+00,+3.635E+00,+2.690E+00
-157.400E+00,+3.631E+00,+2.688E+00
-157.300E+00,+3.631E+00,+2.688E+00
-157.200E+00,+3.631E+00,+2.688E+00
-157.100E+00,+3.631E+00,+2.692E+00
-157.000E+00,+3.629E+00,+2.707E+00
-156.900E+00,+3.629E+00,+2.729E+00
-156.800E+00,+3.627E+00,+2.727E+00
-156.700E+00,+3.625E+00,+2.727E+00
-156.600E+00,+3.625E+00,+2.729E+00
-156.500E+00,+3.625E+00,+2.727E+00
-156.400E+00,+3.623E+00,+2.733E+00
-156.300E+00,+3.623E+00,+2.735E+00
-156.200E+00,+3.621E+00,+2.735E+00
-156.100E+00,+3.619E+00,+2.733E+00
-156.000E+00,+3.617E+00,+2.737E+00
-155.900E+00,+3.617E+00,+2.758E+00
-155.800E+00,+3.615E+00,+2.760E+00
-155.700E+00,+3.615E+00,+2.758E+00
-155.600E+00,+3.615E+00,+2.756E+00
-155.500E+00,+3.613E+00,+2.754E+00
-155.400E+00,+3.611E+00,+2.758E+00
-155.300E+00,+3.611E+00,+2.764E+00
-155.200E+00,+3.611E+00,+2.760E+00
-155.100E+00,+3.607E+00,+2.760E+00
-155.000E+00,+3.605E+00,+2.760E+00
-154.900E+00,+3.603E+00,+2.758E+00
-154.800E+00,+3.603E+00,+2.762E+00
-154.700E+00,+3.603E+00,+2.768E+00
-154.600E+00,+3.601E+00,+2.766E+00
-154.500E+00,+3.601E+00,+2.768E+00
-154.400E+00,+3.601E+00,+2.766E+00
-154.300E+00,+3.601E+00,+2.766E+00
-154.200E+00,+3.601E+00,+2.768E+00
-154.100E+00,+3.601E+00,+2.774E+00
-154.000E+00,+3.601E+00,+2.774E+00
-153.900E+00,+3.595E+00,+2.776E+00
-153.800E+00,+3.595E+00,+2.776E+00
-153.700E+00,+3.593E+00,+2.776E+00
-153.600E+00,+3.595E+00,+2.778E+00
-153.500E+00,+3.593E+00,+2.780E+00
-153.400E+00,+3.592E+00,+2.780E+00
-153.300E+00,+3.592E+00,+2.780E+00
-153.200E+00,+3.592E+00,+2.780E+00
-153.100E+00,+3.592E+00,+2.780E+00
-153.000E+00,+3.593E+00,+2.781E+00
-152.900E+00,+3.593E+00,+2.783E+00
-152.800E+00,+3.592E+00,+2.783E+00
-152.700E+00,+3.592E+00,+2.791E+00
-152.600E+00,+3.592E+00,+2.793E+00
-152.500E+00,+3.590E+00,+2.793E+00
-152.400E+00,+3.586E+00,+2.793E+00
-152.300E+00,+3.586E+00,+2.797E+00
-152.200E+00,+3.586E+00,+2.797E+00
-152.100E+00,+3.586E+00,+2.797E+00
-152.000E+00,+3.584E+00,+2.797E+00
-151.900E+00,+3.584E+00,+2.797E+00
-151.800E+00,+3.582E+00,+2.797E+00
-151.700E+00,+3.580E+00,+2.799E+00
-151.600E+00,+3.578E+00,+2.797E+00
-151.500E+00,+3.578E+00,+2.799E+00
-151.400E+00,+3.568E+00,+2.799E+00
-151.300E+00,+3.566E+00,+2.801E+00
-151.200E+00,+3.564E+00,+2.801E+00
-151.100E+00,+3.564E+00,+2.799E+00
-151.000E+00,+3.560E+00,+2.801E+00
-150.900E+00,+3.558E+00,+2.801E+00
-150.800E+00,+3.558E+00,+2.801E+00
-150.700E+00,+3.556E+00,+2.801E+00
-150.600E+00,+3.556E+00,+2.801E+00
-150.500E+00,+3.552E+00,+2.801E+00
-150.400E+00,+3.552E+00,+2.801E+00
-150.300E+00,+3.552E+00,+2.801E+00
-150.200E+00,+3.552E+00,+2.803E+00
-150.100E+00,+3.552E+00,+2.803E+00
-150.000E+00,+3.551E+00,+2.805E+00
-149.900E+00,+3.551E+00,+2.805E+00
-149.800E+00,+3.551E+00,+2.805E+00
-149.700E+00,+3.549E+00,+2.805E+00
-149.600E+00,+3.549E+00,+2.805E+00
-149.500E+00,+3.547E+00,+2.805E+00
-149.400E+00,+3.545E+00,+2.807E+00
-149.300E+00,+3.543E+00,+2.809E+00
-149.200E+00,+3.541E+00,+2.809E+00
-149.100E+00,+3.539E+00,+2.809E+00
-149.000E+00,+3.537E+00,+2.809E+00
-148.900E+00,+3.537E+00,+2.809E+00
-148.800E+00,+3.537E+00,+2.809E+00
-148.700E+00,+3.535E+00,+2.811E+00
-148.600E+00,+3.535E+00,+2.813E+00
-148.500E+00,+3.535E+00,+2.813E+00
-148.400E+00,+3.533E+00,+2.811E+00
-148.300E+00,+3.533E+00,+2.811E+00
-148.200E+00,+3.533E+00,+2.811E+00
-148.100E+00,+3.531E+00,+2.811E+00
-148.000E+00,+3.531E+00,+2.811E+00
-147.900E+00,+3.529E+00,+2.811E+00
-147.800E+00,+3.529E+00,+2.807E+00
-147.700E+00,+3.527E+00,+2.807E+00
-147.600E+00,+3.527E+00,+2.809E+00
-147.500E+00,+3.525E+00,+2.809E+00
-147.400E+00,+3.523E+00,+2.809E+00
-147.300E+00,+3.521E+00,+2.809E+00
-147.200E+00,+3.519E+00,+2.809E+00
-147.100E+00,+3.517E+00,+2.811E+00
-147.000E+00,+3.517E+00,+2.809E+00
-146.900E+00,+3.517E+00,+2.809E+00
-146.800E+00,+3.517E+00,+2.809E+00
-146.700E+00,+3.515E+00,+2.811E+00
-146.600E+00,+3.513E+00,+2.809E+00
-146.500E+00,+3.513E+00,+2.811E+00
-146.400E+00,+3.511E+00,+2.813E+00
-146.300E+00,+3.511E+00,+2.813E+00
-146.200E+00,+3.510E+00,+2.813E+00
-146.100E+00,+3.510E+00,+2.813E+00
-146.000E+00,+3.510E+00,+2.813E+00
-145.900E+00,+3.508E+00,+2.813E+00
-145.800E+00,+3.508E+00,+2.811E+00
-145.700E+00,+3.508E+00,+2.824E+00
-145.600E+00,+3.506E+00,+2.834E+00
-145.500E+00,+3.502E+00,+2.834E+00
-145.400E+00,+3.500E+00,+2.836E+00
-145.300E+00,+3.500E+00,+2.836E+00
-145.200E+00,+3.498E+00,+2.834E+00
-145.100E+00,+3.496E+00,+2.834E+00
-145.000E+00,+3.496E+00,+2.838E+00
-144.900E+00,+3.494E+00,+2.846E+00
-144.800E+00,+3.492E+00,+2.848E+00
-144.700E+00,+3.492E+00,+2.850E+00
-144.600E+00,+3.492E+00,+2.852E+00
-144.500E+00,+3.492E+00,+2.854E+00
-144.400E+00,+3.490E+00,+2.854E+00
-144.300E+00,+3.490E+00,+2.852E+00
-144.200E+00,+3.490E+00,+2.854E+00
-144.100E+00,+3.490E+00,+2.852E+00
-144.000E+00,+3.490E+00,+2.854E+00
-143.900E+00,+3.488E+00,+2.854E+00
-143.800E+00,+3.488E+00,+2.854E+00
-143.700E+00,+3.488E+00,+2.854E+00
-143.600E+00,+3.488E+00,+2.854E+00
-143.500E+00,+3.488E+00,+2.854E+00
-143.400E+00,+3.484E+00,+2.854E+00
-143.300E+00,+3.482E+00,+2.854E+00
-143.200E+00,+3.478E+00,+2.856E+00
-143.100E+00,+3.476E+00,+2.858E+00
-143.000E+00,+3.476E+00,+2.858E+00
-142.900E+00,+3.476E+00,+2.858E+00
-142.800E+00,+3.476E+00,+2.858E+00
-142.700E+00,+3.474E+00,+2.864E+00
-142.600E+00,+3.474E+00,+2.879E+00
-142.500E+00,+3.472E+00,+2.906E+00
-142.400E+00,+3.472E+00,+2.905E+00
-142.300E+00,+3.472E+00,+2.903E+00
-142.200E+00,+3.470E+00,+2.905E+00
-142.100E+00,+3.468E+00,+2.906E+00
-142.000E+00,+3.468E+00,+2.910E+00
-141.900E+00,+3.467E+00,+2.908E+00
-141.800E+00,+3.467E+00,+2.906E+00
-141.700E+00,+3.467E+00,+2.905E+00
-141.600E+00,+3.467E+00,+2.905E+00
-141.500E+00,+3.467E+00,+2.908E+00
-141.400E+00,+3.463E+00,+2.910E+00
-141.300E+00,+3.463E+00,+2.910E+00
-141.200E+00,+3.463E+00,+2.910E+00
-141.100E+00,+3.461E+00,+2.910E+00
-141.000E+00,+3.461E+00,+2.910E+00
-140.900E+00,+3.461E+00,+2.912E+00
-140.800E+00,+3.459E+00,+2.912E+00
-140.700E+00,+3.459E+00,+2.912E+00
-140.600E+00,+3.457E+00,+2.912E+00
-140.500E+00,+3.457E+00,+2.914E+00
-140.400E+00,+3.455E+00,+2.914E+00
-140.300E+00,+3.455E+00,+2.912E+00
-140.200E+00,+3.455E+00,+2.914E+00
-140.100E+00,+3.453E+00,+2.912E+00
-140.000E+00,+3.451E+00,+2.912E+00
-139.900E+00,+3.451E+00,+2.912E+00
-139.800E+00,+3.449E+00,+2.914E+00
-139.700E+00,+3.449E+00,+2.916E+00
-139.600E+00,+3.449E+00,+2.916E+00
-139.500E+00,+3.449E+00,+2.916E+00
-139.400E+00,+3.449E+00,+2.914E+00
-139.300E+00,+3.449E+00,+2.916E+00
-139.200E+00,+3.449E+00,+2.916E+00
-139.100E+00,+3.449E+00,+2.914E+00
-139.000E+00,+3.447E+00,+2.916E+00
-138.900E+00,+3.443E+00,+2.916E+00
-138.800E+00,+3.443E+00,+2.918E+00
-138.700E+00,+3.443E+00,+2.920E+00
-138.600E+00,+3.441E+00,+2.920E+00
-138.500E+00,+3.437E+00,+2.922E+00
-138.400E+00,+3.437E+00,+2.922E+00
-138.300E+00,+3.435E+00,+2.922E+00
-138.200E+00,+3.427E+00,+2.922E+00
-138.100E+00,+3.427E+00,+2.930E+00
-138.000E+00,+3.427E+00,+2.938E+00
-137.900E+00,+3.426E+00,+2.938E+00
-137.800E+00,+3.424E+00,+2.938E+00
-137.700E+00,+3.420E+00,+2.938E+00
-137.600E+00,+3.420E+00,+2.938E+00
-137.500E+00,+3.420E+00,+2.938E+00
-137.400E+00,+3.420E+00,+2.938E+00
-137.300E+00,+3.418E+00,+2.938E+00
-137.200E+00,+3.416E+00,+2.938E+00
-137.100E+00,+3.416E+00,+2.940E+00
-137.000E+00,+3.416E+00,+2.940E+00
-136.900E+00,+3.416E+00,+2.940E+00
-136.800E+00,+3.416E+00,+2.940E+00
-136.700E+00,+3.416E+00,+2.940E+00
-136.600E+00,+3.416E+00,+2.940E+00
-136.500E+00,+3.416E+00,+2.940E+00
-136.400E+00,+3.416E+00,+2.940E+00
-136.300E+00,+3.416E+00,+2.940E+00
-136.200E+00,+3.414E+00,+2.940E+00
-136.100E+00,+3.414E+00,+2.938E+00
-136.000E+00,+3.414E+00,+2.940E+00
-135.900E+00,+3.412E+00,+2.940E+00
-135.800E+00,+3.412E+00,+2.940E+00
-135.700E+00,+3.410E+00,+2.940E+00
-135.600E+00,+3.410E+00,+2.940E+00
-135.500E+00,+3.410E+00,+2.940E+00
-135.400E+00,+3.410E+00,+2.940E+00
-135.300E+00,+3.410E+00,+2.942E+00
-135.200E+00,+3.410E+00,+2.942E+00
-135.100E+00,+3.410E+00,+2.942E+00
-135.000E+00,+3.408E+00,+2.942E+00
-134.900E+00,+3.408E+00,+2.940E+00
-134.800E+00,+3.408E+00,+2.942E+00
-134.700E+00,+3.408E+00,+2.944E+00
-134.600E+00,+3.408E+00,+2.944E+00
-134.500E+00,+3.408E+00,+2.944E+00
-134.400E+00,+3.408E+00,+2.944E+00
-134.300E+00,+3.406E+00,+2.946E+00
-134.200E+00,+3.406E+00,+2.948E+00
-134.100E+00,+3.406E+00,+2.946E+00
-134.000E+00,+3.406E+00,+2.946E+00
-133.900E+00,+3.404E+00,+2.948E+00
-133.800E+00,+3.404E+00,+2.948E+00
-133.700E+00,+3.404E+00,+2.946E+00
-133.600E+00,+3.404E+00,+2.948E+00
-133.500E+00,+3.404E+00,+2.946E+00
-133.400E+00,+3.404E+00,+2.948E+00
-133.300E+00,+3.404E+00,+2.948E+00
-133.200E+00,+3.402E+00,+2.948E+00
-133.100E+00,+3.400E+00,+2.948E+00
-133.000E+00,+3.400E+00,+2.948E+00
-132.900E+00,+3.398E+00,+2.949E+00
-132.800E+00,+3.398E+00,+2.949E+00
-132.700E+00,+3.398E+00,+2.949E+00
-132.600E+00,+3.398E+00,+2.951E+00
-132.500E+00,+3.398E+00,+2.951E+00
-132.400E+00,+3.396E+00,+2.951E+00
-132.300E+00,+3.396E+00,+2.951E+00
-132.200E+00,+3.396E+00,+2.953E+00
-132.100E+00,+3.396E+00,+2.955E+00
-132.000E+00,+3.396E+00,+2.955E+00
-131.900E+00,+3.396E+00,+2.955E+00
-131.800E+00,+3.396E+00,+2.955E+00
-131.700E+00,+3.396E+00,+2.955E+00
-131.600E+00,+3.394E+00,+2.955E+00
-131.500E+00,+3.394E+00,+2.955E+00
-131.400E+00,+3.394E+00,+2.957E+00
-131.300E+00,+3.394E+00,+2.957E+00
-131.200E+00,+3.390E+00,+2.959E+00
-131.100E+00,+3.390E+00,+2.957E+00
-131.000E+00,+3.388E+00,+2.959E+00
-130.900E+00,+3.388E+00,+2.961E+00
-130.800E+00,+3.388E+00,+2.971E+00
-130.700E+00,+3.388E+00,+2.979E+00
-130.600E+00,+3.388E+00,+2.985E+00
-130.500E+00,+3.388E+00,+2.985E+00
-130.400E+00,+3.388E+00,+2.985E+00
-130.300E+00,+3.388E+00,+2.987E+00
-130.200E+00,+3.386E+00,+2.987E+00
-130.100E+00,+3.386E+00,+2.990E+00
-130.000E+00,+3.386E+00,+2.989E+00
-129.900E+00,+3.385E+00,+2.990E+00
-129.800E+00,+3.385E+00,+2.990E+00
-129.700E+00,+3.385E+00,+2.990E+00
-129.600E+00,+3.385E+00,+2.990E+00
-129.500E+00,+3.383E+00,+2.990E+00
-129.400E+00,+3.383E+00,+2.992E+00
-129.300E+00,+3.383E+00,+2.990E+00
-129.200E+00,+3.383E+00,+2.990E+00
-129.100E+00,+3.383E+00,+2.990E+00
-129.000E+00,+3.383E+00,+2.990E+00
-128.900E+00,+3.381E+00,+2.990E+00
-128.800E+00,+3.381E+00,+2.992E+00
-128.700E+00,+3.381E+00,+2.990E+00
-128.600E+00,+3.379E+00,+2.992E+00
-128.500E+00,+3.379E+00,+2.992E+00
-128.400E+00,+3.377E+00,+2.994E+00
-128.300E+00,+3.377E+00,+2.994E+00
-128.200E+00,+3.377E+00,+2.994E+00
-128.100E+00,+3.377E+00,+2.994E+00
-128.000E+00,+3.377E+00,+2.998E+00
-127.900E+00,+3.377E+00,+3.002E+00
-127.800E+00,+3.375E+00,+3.000E+00
-127.700E+00,+3.375E+00,+3.000E+00
-127.600E+00,+3.375E+00,+3.002E+00
-127.500E+00,+3.373E+00,+3.004E+00
-127.400E+00,+3.373E+00,+3.004E+00
-127.300E+00,+3.373E+00,+3.006E+00
-127.200E+00,+3.373E+00,+3.006E+00
-127.100E+00,+3.373E+00,+3.002E+00
-127.000E+00,+3.373E+00,+3.002E+00
-126.900E+00,+3.371E+00,+3.004E+00
-126.800E+00,+3.371E+00,+3.006E+00
-126.700E+00,+3.369E+00,+3.008E+00
-126.600E+00,+3.369E+00,+3.008E+00
-126.500E+00,+3.367E+00,+3.010E+00
-126.400E+00,+3.367E+00,+3.010E+00
-126.300E+00,+3.367E+00,+3.010E+00
-126.200E+00,+3.367E+00,+3.008E+00
-126.100E+00,+3.365E+00,+3.008E+00
-126.000E+00,+3.365E+00,+3.010E+00
-125.900E+00,+3.363E+00,+3.012E+00
-125.800E+00,+3.363E+00,+3.014E+00
-125.700E+00,+3.363E+00,+3.012E+00
-125.600E+00,+3.363E+00,+3.012E+00
-125.500E+00,+3.361E+00,+3.012E+00
-125.400E+00,+3.361E+00,+3.014E+00
-125.300E+00,+3.359E+00,+3.022E+00
-125.200E+00,+3.359E+00,+3.022E+00
-125.100E+00,+3.355E+00,+3.020E+00
-125.000E+00,+3.353E+00,+3.020E+00
-124.900E+00,+3.351E+00,+3.022E+00
-124.800E+00,+3.351E+00,+3.026E+00
-124.700E+00,+3.351E+00,+3.028E+00
-124.600E+00,+3.351E+00,+3.026E+00
-124.500E+00,+3.349E+00,+3.026E+00
-124.400E+00,+3.347E+00,+3.028E+00
-124.300E+00,+3.347E+00,+3.028E+00
-124.200E+00,+3.347E+00,+3.028E+00
-124.100E+00,+3.345E+00,+3.028E+00
-124.000E+00,+3.342E+00,+3.028E+00
-123.900E+00,+3.340E+00,+3.028E+00
-123.800E+00,+3.336E+00,+3.028E+00
-123.700E+00,+3.336E+00,+3.028E+00
-123.600E+00,+3.336E+00,+3.028E+00
-123.500E+00,+3.334E+00,+3.028E+00
-123.400E+00,+3.334E+00,+3.030E+00
-123.300E+00,+3.334E+00,+3.028E+00
-123.200E+00,+3.334E+00,+3.030E+00
-123.100E+00,+3.334E+00,+3.030E+00
-123.000E+00,+3.334E+00,+3.030E+00
-122.900E+00,+3.334E+00,+3.028E+00
-122.800E+00,+3.332E+00,+3.028E+00
-122.700E+00,+3.332E+00,+3.030E+00
-122.600E+00,+3.332E+00,+3.030E+00
-122.500E+00,+3.332E+00,+3.031E+00
-122.400E+00,+3.330E+00,+3.031E+00
-122.300E+00,+3.330E+00,+3.031E+00
-122.200E+00,+3.330E+00,+3.031E+00
-122.100E+00,+3.330E+00,+3.031E+00
-122.000E+00,+3.330E+00,+3.031E+00
-121.900E+00,+3.328E+00,+3.031E+00
-121.800E+00,+3.328E+00,+3.030E+00
-121.700E+00,+3.326E+00,+3.031E+00
-121.600E+00,+3.324E+00,+3.035E+00
-121.500E+00,+3.322E+00,+3.035E+00
-121.400E+00,+3.322E+00,+3.037E+00
-121.300E+00,+3.322E+00,+3.037E+00
-121.200E+00,+3.320E+00,+3.037E+00
-121.100E+00,+3.320E+00,+3.037E+00
-121.000E+00,+3.318E+00,+3.039E+00
-120.900E+00,+3.316E+00,+3.039E+00
-120.800E+00,+3.316E+00,+3.039E+00
-120.700E+00,+3.316E+00,+3.037E+00
-120.600E+00,+3.314E+00,+3.037E+00
-120.500E+00,+3.314E+00,+3.039E+00
-120.400E+00,+3.314E+00,+3.039E+00
-120.300E+00,+3.312E+00,+3.039E+00
-120.200E+00,+3.310E+00,+3.039E+00
-120.100E+00,+3.308E+00,+3.039E+00
-120.000E+00,+3.308E+00,+3.041E+00
-119.900E+00,+3.308E+00,+3.041E+00
-119.800E+00,+3.306E+00,+3.041E+00
-119.700E+00,+3.306E+00,+3.041E+00
-119.600E+00,+3.306E+00,+3.041E+00
-119.500E+00,+3.306E+00,+3.045E+00
-119.400E+00,+3.306E+00,+3.045E+00
-119.300E+00,+3.306E+00,+3.045E+00
-119.200E+00,+3.306E+00,+3.045E+00
-119.100E+00,+3.302E+00,+3.045E+00
-119.000E+00,+3.301E+00,+3.045E+00
-118.900E+00,+3.301E+00,+3.045E+00
-118.800E+00,+3.301E+00,+3.045E+00
-118.700E+00,+3.301E+00,+3.045E+00
-118.600E+00,+3.301E+00,+3.045E+00
-118.500E+00,+3.299E+00,+3.045E+00
-118.400E+00,+3.299E+00,+3.045E+00
-118.300E+00,+3.299E+00,+3.045E+00
-118.200E+00,+3.295E+00,+3.045E+00
-118.100E+00,+3.295E+00,+3.045E+00
-118.000E+00,+3.295E+00,+3.045E+00
-117.900E+00,+3.295E+00,+3.047E+00
-117.800E+00,+3.293E+00,+3.047E+00
-117.700E+00,+3.295E+00,+3.045E+00
-117.600E+00,+3.293E+00,+3.045E+00
-117.500E+00,+3.291E+00,+3.045E+00
-117.400E+00,+3.291E+00,+3.045E+00
-117.300E+00,+3.289E+00,+3.045E+00
-117.200E+00,+3.289E+00,+3.047E+00
-117.100E+00,+3.289E+00,+3.059E+00
-117.000E+00,+3.289E+00,+3.061E+00
-116.900E+00,+3.289E+00,+3.061E+00
-116.800E+00,+3.289E+00,+3.061E+00
-116.700E+00,+3.289E+00,+3.061E+00
-116.600E+00,+3.289E+00,+3.063E+00
-116.500E+00,+3.289E+00,+3.063E+00
-116.400E+00,+3.289E+00,+3.061E+00
-116.300E+00,+3.287E+00,+3.059E+00
-116.200E+00,+3.287E+00,+3.063E+00
-116.100E+00,+3.287E+00,+3.063E+00
-116.000E+00,+3.287E+00,+3.063E+00
-115.900E+00,+3.287E+00,+3.063E+00
-115.800E+00,+3.287E+00,+3.061E+00
-115.700E+00,+3.287E+00,+3.063E+00
-115.600E+00,+3.287E+00,+3.063E+00
-115.500E+00,+3.287E+00,+3.063E+00
-115.400E+00,+3.287E+00,+3.063E+00
-115.300E+00,+3.287E+00,+3.063E+00
-115.200E+00,+3.287E+00,+3.063E+00
-115.100E+00,+3.287E+00,+3.063E+00
-115.000E+00,+3.285E+00,+3.067E+00
-114.900E+00,+3.285E+00,+3.074E+00
-114.800E+00,+3.285E+00,+3.073E+00
-114.700E+00,+3.285E+00,+3.073E+00
-114.600E+00,+3.285E+00,+3.076E+00
-114.500E+00,+3.285E+00,+3.084E+00
-114.400E+00,+3.285E+00,+3.100E+00
-114.300E+00,+3.283E+00,+3.104E+00
-114.200E+00,+3.283E+00,+3.102E+00
-114.100E+00,+3.283E+00,+3.102E+00
-114.000E+00,+3.283E+00,+3.108E+00
-113.900E+00,+3.281E+00,+3.102E+00
-113.800E+00,+3.279E+00,+3.108E+00
-113.700E+00,+3.279E+00,+3.106E+00
-113.600E+00,+3.279E+00,+3.106E+00
-113.500E+00,+3.279E+00,+3.106E+00
-113.400E+00,+3.279E+00,+3.102E+00
-113.300E+00,+3.277E+00,+3.102E+00
-113.200E+00,+3.275E+00,+3.102E+00
-113.100E+00,+3.275E+00,+3.104E+00
-113.000E+00,+3.275E+00,+3.106E+00
-112.900E+00,+3.275E+00,+3.106E+00
-112.800E+00,+3.273E+00,+3.104E+00
-112.700E+00,+3.273E+00,+3.108E+00
-112.600E+00,+3.273E+00,+3.108E+00
-112.500E+00,+3.273E+00,+3.110E+00
-112.400E+00,+3.273E+00,+3.110E+00
-112.300E+00,+3.273E+00,+3.108E+00
-112.200E+00,+3.271E+00,+3.108E+00
-112.100E+00,+3.267E+00,+3.108E+00
-112.000E+00,+3.267E+00,+3.108E+00
-111.900E+00,+3.267E+00,+3.108E+00
-111.800E+00,+3.267E+00,+3.106E+00
-111.700E+00,+3.267E+00,+3.108E+00
-111.600E+00,+3.267E+00,+3.106E+00
-111.500E+00,+3.265E+00,+3.106E+00
-111.400E+00,+3.267E+00,+3.108E+00
-111.300E+00,+3.265E+00,+3.108E+00
-111.200E+00,+3.265E+00,+3.110E+00
-111.100E+00,+3.265E+00,+3.110E+00
-111.000E+00,+3.265E+00,+3.112E+00
-110.900E+00,+3.263E+00,+3.112E+00
-110.800E+00,+3.263E+00,+3.112E+00
-110.700E+00,+3.263E+00,+3.112E+00
-110.600E+00,+3.261E+00,+3.108E+00
-110.500E+00,+3.261E+00,+3.112E+00
-110.400E+00,+3.261E+00,+3.112E+00
-110.300E+00,+3.261E+00,+3.114E+00
-110.200E+00,+3.260E+00,+3.114E+00
-110.100E+00,+3.256E+00,+3.112E+00
-110.000E+00,+3.254E+00,+3.112E+00
-109.900E+00,+3.256E+00,+3.110E+00
-109.800E+00,+3.254E+00,+3.114E+00
-109.700E+00,+3.254E+00,+3.115E+00
-109.600E+00,+3.254E+00,+3.115E+00
-109.500E+00,+3.252E+00,+3.115E+00
-109.400E+00,+3.250E+00,+3.117E+00
-109.300E+00,+3.250E+00,+3.117E+00
-109.200E+00,+3.250E+00,+3.117E+00
-109.100E+00,+3.250E+00,+3.115E+00
-109.000E+00,+3.250E+00,+3.115E+00
-108.900E+00,+3.248E+00,+3.117E+00
-108.800E+00,+3.248E+00,+3.117E+00
-108.700E+00,+3.250E+00,+3.123E+00
-108.600E+00,+3.248E+00,+3.123E+00
-108.500E+00,+3.248E+00,+3.125E+00
-108.400E+00,+3.248E+00,+3.125E+00
-108.300E+00,+3.248E+00,+3.125E+00
-108.200E+00,+3.248E+00,+3.125E+00
-108.100E+00,+3.248E+00,+3.125E+00
-108.000E+00,+3.248E+00,+3.125E+00
-107.900E+00,+3.246E+00,+3.125E+00
-107.800E+00,+3.246E+00,+3.125E+00
-107.700E+00,+3.246E+00,+3.125E+00
-107.600E+00,+3.246E+00,+3.125E+00
-107.500E+00,+3.246E+00,+3.125E+00
-107.400E+00,+3.244E+00,+3.125E+00
-107.300E+00,+3.244E+00,+3.125E+00
-107.200E+00,+3.244E+00,+3.125E+00
-107.100E+00,+3.244E+00,+3.125E+00
-107.000E+00,+3.242E+00,+3.125E+00
-106.900E+00,+3.240E+00,+3.125E+00
-106.800E+00,+3.240E+00,+3.125E+00
-106.700E+00,+3.238E+00,+3.125E+00
-106.600E+00,+3.234E+00,+3.125E+00
-106.500E+00,+3.234E+00,+3.125E+00
-106.400E+00,+3.234E+00,+3.125E+00
-106.300E+00,+3.234E+00,+3.125E+00
-106.200E+00,+3.234E+00,+3.125E+00
-106.100E+00,+3.232E+00,+3.125E+00
-106.000E+00,+3.232E+00,+3.127E+00
-105.900E+00,+3.232E+00,+3.127E+00
-105.800E+00,+3.232E+00,+3.125E+00
-105.700E+00,+3.232E+00,+3.125E+00
-105.600E+00,+3.232E+00,+3.127E+00
-105.500E+00,+3.230E+00,+3.127E+00
-105.400E+00,+3.230E+00,+3.127E+00
-105.300E+00,+3.230E+00,+3.127E+00
-105.200E+00,+3.230E+00,+3.129E+00
-105.100E+00,+3.228E+00,+3.129E+00
-105.000E+00,+3.228E+00,+3.129E+00
-104.900E+00,+3.228E+00,+3.129E+00
-104.800E+00,+3.226E+00,+3.129E+00
-104.700E+00,+3.226E+00,+3.129E+00
-104.600E+00,+3.224E+00,+3.129E+00
-104.500E+00,+3.224E+00,+3.129E+00
-104.400E+00,+3.224E+00,+3.129E+00
-104.300E+00,+3.224E+00,+3.129E+00
-104.200E+00,+3.224E+00,+3.127E+00
-104.100E+00,+3.220E+00,+3.129E+00
-104.000E+00,+3.218E+00,+3.127E+00
-103.900E+00,+3.217E+00,+3.129E+00
-103.800E+00,+3.217E+00,+3.129E+00
-103.700E+00,+3.215E+00,+3.131E+00
-103.600E+00,+3.213E+00,+3.131E+00
-103.500E+00,+3.213E+00,+3.131E+00
-103.400E+00,+3.211E+00,+3.131E+00
-103.300E+00,+3.209E+00,+3.133E+00
-103.200E+00,+3.209E+00,+3.135E+00
-103.100E+00,+3.207E+00,+3.135E+00
-103.000E+00,+3.207E+00,+3.133E+00
-102.900E+00,+3.207E+00,+3.133E+00
-102.800E+00,+3.207E+00,+3.135E+00
-102.700E+00,+3.205E+00,+3.135E+00
-102.600E+00,+3.205E+00,+3.135E+00
-102.500E+00,+3.205E+00,+3.135E+00
-102.400E+00,+3.205E+00,+3.135E+00
-102.300E+00,+3.203E+00,+3.135E+00
-102.200E+00,+3.203E+00,+3.135E+00
-102.100E+00,+3.203E+00,+3.137E+00
-102.000E+00,+3.203E+00,+3.137E+00
-101.900E+00,+3.203E+00,+3.137E+00
-101.800E+00,+3.201E+00,+3.137E+00
-101.700E+00,+3.201E+00,+3.137E+00
-101.600E+00,+3.201E+00,+3.139E+00
-101.500E+00,+3.201E+00,+3.137E+00
-101.400E+00,+3.199E+00,+3.137E+00
-101.300E+00,+3.199E+00,+3.139E+00
-101.200E+00,+3.199E+00,+3.137E+00
-101.100E+00,+3.197E+00,+3.139E+00
-101.000E+00,+3.193E+00,+3.141E+00
-100.900E+00,+3.193E+00,+3.141E+00
-100.800E+00,+3.193E+00,+3.141E+00
-100.700E+00,+3.191E+00,+3.143E+00
-100.600E+00,+3.191E+00,+3.143E+00
-100.500E+00,+3.191E+00,+3.145E+00
-100.400E+00,+3.191E+00,+3.143E+00
-100.300E+00,+3.189E+00,+3.145E+00
-100.200E+00,+3.187E+00,+3.147E+00
-100.100E+00,+3.187E+00,+3.147E+00
-100.000E+00,+3.187E+00,+3.149E+00
-99.900E+00,+3.185E+00,+3.147E+00
-99.800E+00,+3.185E+00,+3.147E+00
-99.700E+00,+3.187E+00,+3.149E+00
-99.600E+00,+3.185E+00,+3.149E+00
-99.500E+00,+3.185E+00,+3.147E+00
-99.400E+00,+3.185E+00,+3.149E+00
-99.300E+00,+3.183E+00,+3.153E+00
-99.200E+00,+3.183E+00,+3.151E+00
-99.100E+00,+3.183E+00,+3.151E+00
-99.000E+00,+3.181E+00,+3.151E+00
-98.900E+00,+3.181E+00,+3.151E+00
-98.800E+00,+3.181E+00,+3.151E+00
-98.700E+00,+3.179E+00,+3.153E+00
-98.600E+00,+3.177E+00,+3.151E+00
-98.500E+00,+3.177E+00,+3.153E+00
-98.400E+00,+3.177E+00,+3.153E+00
-98.300E+00,+3.177E+00,+3.153E+00
-98.200E+00,+3.177E+00,+3.151E+00
-98.100E+00,+3.177E+00,+3.153E+00
-98.000E+00,+3.177E+00,+3.153E+00
-97.900E+00,+3.177E+00,+3.153E+00
-97.800E+00,+3.177E+00,+3.155E+00
-97.700E+00,+3.176E+00,+3.155E+00
-97.600E+00,+3.176E+00,+3.155E+00
-97.500E+00,+3.176E+00,+3.155E+00
-97.400E+00,+3.176E+00,+3.156E+00
-97.300E+00,+3.176E+00,+3.155E+00
-97.200E+00,+3.176E+00,+3.155E+00
-97.100E+00,+3.176E+00,+3.156E+00
-97.000E+00,+3.174E+00,+3.155E+00
-96.900E+00,+3.174E+00,+3.155E+00
-96.800E+00,+3.174E+00,+3.156E+00
-96.700E+00,+3.172E+00,+3.156E+00
-96.600E+00,+3.172E+00,+3.158E+00
-96.500E+00,+3.172E+00,+3.158E+00
-96.400E+00,+3.172E+00,+3.156E+00
-96.300E+00,+3.172E+00,+3.158E+00
-96.200E+00,+3.172E+00,+3.158E+00
-96.100E+00,+3.172E+00,+3.156E+00
-96.000E+00,+3.172E+00,+3.158E+00
-95.900E+00,+3.172E+00,+3.158E+00
-95.800E+00,+3.172E+00,+3.158E+00
-95.700E+00,+3.172E+00,+3.158E+00
-95.600E+00,+3.172E+00,+3.160E+00
-95.500E+00,+3.172E+00,+3.164E+00
-95.400E+00,+3.172E+00,+3.166E+00
-95.300E+00,+3.172E+00,+3.166E+00
-95.200E+00,+3.172E+00,+3.166E+00
-95.100E+00,+3.172E+00,+3.168E+00
-95.000E+00,+3.172E+00,+3.168E+00
-94.900E+00,+3.172E+00,+3.168E+00
-94.800E+00,+3.172E+00,+3.168E+00
-94.700E+00,+3.172E+00,+3.168E+00
-94.600E+00,+3.172E+00,+3.168E+00
-94.500E+00,+3.172E+00,+3.168E+00
-94.400E+00,+3.170E+00,+3.168E+00
-94.300E+00,+3.170E+00,+3.170E+00
-94.200E+00,+3.170E+00,+3.170E+00
-94.100E+00,+3.170E+00,+3.172E+00
-94.000E+00,+3.170E+00,+3.172E+00
-93.900E+00,+3.170E+00,+3.172E+00
-93.800E+00,+3.168E+00,+3.172E+00
-93.700E+00,+3.164E+00,+3.172E+00
-93.600E+00,+3.162E+00,+3.174E+00
-93.500E+00,+3.162E+00,+3.178E+00
-93.400E+00,+3.162E+00,+3.178E+00
-93.300E+00,+3.160E+00,+3.178E+00
-93.200E+00,+3.160E+00,+3.178E+00
-93.100E+00,+3.160E+00,+3.178E+00
-93.000E+00,+3.160E+00,+3.180E+00
-92.900E+00,+3.160E+00,+3.178E+00
-92.800E+00,+3.160E+00,+3.178E+00
-92.700E+00,+3.160E+00,+3.176E+00
-92.600E+00,+3.160E+00,+3.176E+00
-92.500E+00,+3.158E+00,+3.178E+00
-92.400E+00,+3.158E+00,+3.182E+00
-92.300E+00,+3.158E+00,+3.182E+00
-92.200E+00,+3.158E+00,+3.182E+00
-92.100E+00,+3.158E+00,+3.182E+00
-92.000E+00,+3.158E+00,+3.182E+00
-91.900E+00,+3.158E+00,+3.182E+00
-91.800E+00,+3.158E+00,+3.182E+00
-91.700E+00,+3.158E+00,+3.182E+00
-91.600E+00,+3.154E+00,+3.182E+00
-91.500E+00,+3.154E+00,+3.182E+00
-91.400E+00,+3.152E+00,+3.184E+00
-91.300E+00,+3.152E+00,+3.184E+00
-91.200E+00,+3.152E+00,+3.186E+00
-91.100E+00,+3.152E+00,+3.184E+00
-91.000E+00,+3.152E+00,+3.184E+00
-90.900E+00,+3.152E+00,+3.184E+00
-90.800E+00,+3.152E+00,+3.184E+00
-90.700E+00,+3.152E+00,+3.184E+00
-90.600E+00,+3.152E+00,+3.184E+00
-90.500E+00,+3.152E+00,+3.184E+00
-90.400E+00,+3.152E+00,+3.182E+00
-90.300E+00,+3.152E+00,+3.182E+00
-90.200E+00,+3.150E+00,+3.182E+00
-90.100E+00,+3.148E+00,+3.182E+00
-90.000E+00,+3.144E+00,+3.182E+00
-89.900E+00,+3.144E+00,+3.182E+00
-89.800E+00,+3.144E+00,+3.184E+00
-89.700E+00,+3.144E+00,+3.184E+00
-89.600E+00,+3.142E+00,+3.184E+00
-89.500E+00,+3.142E+00,+3.184E+00
-89.400E+00,+3.142E+00,+3.184E+00
-89.300E+00,+3.142E+00,+3.184E+00
-89.200E+00,+3.142E+00,+3.184E+00
-89.100E+00,+3.142E+00,+3.184E+00
-89.000E+00,+3.140E+00,+3.184E+00
-88.900E+00,+3.140E+00,+3.184E+00
-88.800E+00,+3.140E+00,+3.184E+00
-88.700E+00,+3.138E+00,+3.186E+00
-88.600E+00,+3.138E+00,+3.186E+00
-88.500E+00,+3.138E+00,+3.186E+00
-88.400E+00,+3.138E+00,+3.184E+00
-88.300E+00,+3.138E+00,+3.186E+00
-88.200E+00,+3.138E+00,+3.186E+00
-88.100E+00,+3.138E+00,+3.188E+00
-88.000E+00,+3.138E+00,+3.186E+00
-87.900E+00,+3.138E+00,+3.186E+00
-87.800E+00,+3.138E+00,+3.186E+00
-87.700E+00,+3.138E+00,+3.186E+00
-87.600E+00,+3.138E+00,+3.190E+00
-87.500E+00,+3.136E+00,+3.190E+00
-87.400E+00,+3.138E+00,+3.190E+00
-87.300E+00,+3.136E+00,+3.190E+00
-87.200E+00,+3.136E+00,+3.190E+00
-87.100E+00,+3.136E+00,+3.192E+00
-87.000E+00,+3.136E+00,+3.190E+00
-86.900E+00,+3.136E+00,+3.192E+00
-86.800E+00,+3.136E+00,+3.192E+00
-86.700E+00,+3.136E+00,+3.192E+00
-86.600E+00,+3.136E+00,+3.192E+00
-86.500E+00,+3.136E+00,+3.192E+00
-86.400E+00,+3.136E+00,+3.190E+00
-86.300E+00,+3.136E+00,+3.192E+00
-86.200E+00,+3.136E+00,+3.192E+00
-86.100E+00,+3.135E+00,+3.192E+00
-86.000E+00,+3.135E+00,+3.192E+00
-85.900E+00,+3.135E+00,+3.192E+00
-85.800E+00,+3.135E+00,+3.196E+00
-85.700E+00,+3.131E+00,+3.198E+00
-85.600E+00,+3.131E+00,+3.198E+00
-85.500E+00,+3.131E+00,+3.199E+00
-85.400E+00,+3.129E+00,+3.199E+00
-85.300E+00,+3.127E+00,+3.199E+00
-85.200E+00,+3.125E+00,+3.199E+00
-85.100E+00,+3.125E+00,+3.198E+00
-85.000E+00,+3.125E+00,+3.199E+00
-84.900E+00,+3.125E+00,+3.199E+00
-84.800E+00,+3.125E+00,+3.201E+00
-84.700E+00,+3.125E+00,+3.203E+00
-84.600E+00,+3.125E+00,+3.203E+00
-84.500E+00,+3.125E+00,+3.201E+00
-84.400E+00,+3.125E+00,+3.201E+00
-84.300E+00,+3.125E+00,+3.203E+00
-84.200E+00,+3.123E+00,+3.205E+00
-84.100E+00,+3.123E+00,+3.205E+00
-84.000E+00,+3.123E+00,+3.205E+00
-83.900E+00,+3.123E+00,+3.203E+00
-83.800E+00,+3.123E+00,+3.203E+00
-83.700E+00,+3.123E+00,+3.203E+00
-83.600E+00,+3.121E+00,+3.201E+00
-83.500E+00,+3.121E+00,+3.201E+00
-83.400E+00,+3.119E+00,+3.201E+00
-83.300E+00,+3.117E+00,+3.201E+00
-83.200E+00,+3.117E+00,+3.203E+00
-83.100E+00,+3.115E+00,+3.205E+00
-83.000E+00,+3.113E+00,+3.205E+00
-82.900E+00,+3.113E+00,+3.205E+00
-82.800E+00,+3.113E+00,+3.205E+00
-82.700E+00,+3.113E+00,+3.205E+00
-82.600E+00,+3.111E+00,+3.205E+00
-82.500E+00,+3.111E+00,+3.205E+00
-82.400E+00,+3.111E+00,+3.205E+00
-82.300E+00,+3.111E+00,+3.205E+00
-82.200E+00,+3.111E+00,+3.205E+00
-82.100E+00,+3.111E+00,+3.205E+00
-82.000E+00,+3.111E+00,+3.205E+00
-81.900E+00,+3.111E+00,+3.205E+00
-81.800E+00,+3.111E+00,+3.205E+00
-81.700E+00,+3.109E+00,+3.205E+00
-81.600E+00,+3.109E+00,+3.205E+00
-81.500E+00,+3.109E+00,+3.205E+00
-81.400E+00,+3.111E+00,+3.205E+00
-81.300E+00,+3.109E+00,+3.205E+00
-81.200E+00,+3.109E+00,+3.205E+00
-81.100E+00,+3.105E+00,+3.205E+00
-81.000E+00,+3.105E+00,+3.205E+00
-80.900E+00,+3.103E+00,+3.205E+00
-80.800E+00,+3.103E+00,+3.207E+00
-80.700E+00,+3.101E+00,+3.207E+00
-80.600E+00,+3.101E+00,+3.209E+00
-80.500E+00,+3.093E+00,+3.213E+00
-80.400E+00,+3.093E+00,+3.213E+00
-80.300E+00,+3.090E+00,+3.213E+00
-80.200E+00,+3.074E+00,+3.213E+00
-80.100E+00,+3.072E+00,+3.215E+00
-80.000E+00,+3.072E+00,+3.215E+00
-79.900E+00,+3.072E+00,+3.215E+00
-79.800E+00,+3.072E+00,+3.215E+00
-79.700E+00,+3.072E+00,+3.215E+00
-79.600E+00,+3.072E+00,+3.217E+00
-79.500E+00,+3.072E+00,+3.217E+00
-79.400E+00,+3.072E+00,+3.217E+00
-79.300E+00,+3.072E+00,+3.217E+00
-79.200E+00,+3.072E+00,+3.217E+00
-79.100E+00,+3.072E+00,+3.221E+00
-79.000E+00,+3.072E+00,+3.229E+00
-78.900E+00,+3.070E+00,+3.235E+00
-78.800E+00,+3.070E+00,+3.235E+00
-78.700E+00,+3.070E+00,+3.237E+00
-78.600E+00,+3.070E+00,+3.237E+00
-78.500E+00,+3.064E+00,+3.237E+00
-78.400E+00,+3.064E+00,+3.235E+00
-78.300E+00,+3.064E+00,+3.237E+00
-78.200E+00,+3.058E+00,+3.235E+00
-78.100E+00,+3.058E+00,+3.235E+00
-78.000E+00,+3.058E+00,+3.235E+00
-77.900E+00,+3.058E+00,+3.237E+00
-77.800E+00,+3.058E+00,+3.237E+00
-77.700E+00,+3.056E+00,+3.237E+00
-77.600E+00,+3.051E+00,+3.235E+00
-77.500E+00,+3.051E+00,+3.237E+00
-77.400E+00,+3.049E+00,+3.237E+00
-77.300E+00,+3.049E+00,+3.237E+00
-77.200E+00,+3.049E+00,+3.237E+00
-77.100E+00,+3.049E+00,+3.237E+00
-77.000E+00,+3.049E+00,+3.237E+00
-76.900E+00,+3.049E+00,+3.237E+00
-76.800E+00,+3.049E+00,+3.237E+00
-76.700E+00,+3.049E+00,+3.237E+00
-76.600E+00,+3.049E+00,+3.239E+00
-76.500E+00,+3.049E+00,+3.239E+00
-76.400E+00,+3.047E+00,+3.237E+00
-76.300E+00,+3.047E+00,+3.237E+00
-76.200E+00,+3.047E+00,+3.237E+00
-76.100E+00,+3.047E+00,+3.239E+00
-76.000E+00,+3.045E+00,+3.237E+00
-75.900E+00,+3.045E+00,+3.237E+00
-75.800E+00,+3.045E+00,+3.237E+00
-75.700E+00,+3.045E+00,+3.237E+00
-75.600E+00,+3.045E+00,+3.237E+00
-75.500E+00,+3.045E+00,+3.237E+00
-75.400E+00,+3.045E+00,+3.239E+00
-75.300E+00,+3.045E+00,+3.239E+00
-75.200E+00,+3.045E+00,+3.239E+00
-75.100E+00,+3.045E+00,+3.239E+00
-75.000E+00,+3.045E+00,+3.237E+00
-74.900E+00,+3.045E+00,+3.237E+00
-74.800E+00,+3.045E+00,+3.237E+00
-74.700E+00,+3.045E+00,+3.237E+00
-74.600E+00,+3.045E+00,+3.237E+00
-74.500E+00,+3.045E+00,+3.239E+00
-74.400E+00,+3.043E+00,+3.239E+00
-74.300E+00,+3.043E+00,+3.239E+00
-74.200E+00,+3.043E+00,+3.239E+00
-74.100E+00,+3.043E+00,+3.239E+00
-74.000E+00,+3.043E+00,+3.239E+00
-73.900E+00,+3.043E+00,+3.239E+00
-73.800E+00,+3.043E+00,+3.239E+00
-73.700E+00,+3.043E+00,+3.239E+00
-73.600E+00,+3.043E+00,+3.239E+00
-73.500E+00,+3.043E+00,+3.240E+00
-73.400E+00,+3.043E+00,+3.240E+00
-73.300E+00,+3.043E+00,+3.239E+00
-73.200E+00,+3.043E+00,+3.237E+00
-73.100E+00,+3.043E+00,+3.239E+00
-73.000E+00,+3.043E+00,+3.239E+00
-72.900E+00,+3.043E+00,+3.237E+00
-72.800E+00,+3.043E+00,+3.237E+00
-72.700E+00,+3.043E+00,+3.237E+00
-72.600E+00,+3.043E+00,+3.237E+00
-72.500E+00,+3.043E+00,+3.237E+00
-72.400E+00,+3.043E+00,+3.237E+00
-72.300E+00,+3.043E+00,+3.237E+00
-72.200E+00,+3.043E+00,+3.237E+00
-72.100E+00,+3.043E+00,+3.237E+00
-72.000E+00,+3.043E+00,+3.237E+00
-71.900E+00,+3.043E+00,+3.240E+00
-71.800E+00,+3.043E+00,+3.248E+00
-71.700E+00,+3.043E+00,+3.248E+00
-71.600E+00,+3.043E+00,+3.248E+00
-71.500E+00,+3.043E+00,+3.250E+00
-71.400E+00,+3.043E+00,+3.250E+00
-71.300E+00,+3.043E+00,+3.250E+00
-71.200E+00,+3.043E+00,+3.250E+00
-71.100E+00,+3.043E+00,+3.250E+00
-71.000E+00,+3.043E+00,+3.248E+00
-70.900E+00,+3.043E+00,+3.246E+00
-70.800E+00,+3.043E+00,+3.244E+00
-70.700E+00,+3.043E+00,+3.246E+00
-70.600E+00,+3.043E+00,+3.248E+00
-70.500E+00,+3.043E+00,+3.248E+00
-70.400E+00,+3.043E+00,+3.248E+00
-70.300E+00,+3.043E+00,+3.248E+00
-70.200E+00,+3.043E+00,+3.248E+00
-70.100E+00,+3.043E+00,+3.248E+00
-70.000E+00,+3.043E+00,+3.248E+00
-69.900E+00,+3.043E+00,+3.248E+00
-69.800E+00,+3.043E+00,+3.248E+00
-69.700E+00,+3.043E+00,+3.246E+00
-69.600E+00,+3.043E+00,+3.246E+00
-69.500E+00,+3.043E+00,+3.248E+00
-69.400E+00,+3.043E+00,+3.248E+00
-69.300E+00,+3.043E+00,+3.248E+00
-69.200E+00,+3.043E+00,+3.248E+00
-69.100E+00,+3.041E+00,+3.248E+00
-69.000E+00,+3.041E+00,+3.250E+00
-68.900E+00,+3.041E+00,+3.250E+00
-68.800E+00,+3.041E+00,+3.250E+00
-68.700E+00,+3.041E+00,+3.250E+00
-68.600E+00,+3.041E+00,+3.250E+00
-68.500E+00,+3.041E+00,+3.250E+00
-68.400E+00,+3.041E+00,+3.250E+00
-68.300E+00,+3.041E+00,+3.248E+00
-68.200E+00,+3.041E+00,+3.250E+00
-68.100E+00,+3.041E+00,+3.250E+00
-68.000E+00,+3.041E+00,+3.250E+00
-67.900E+00,+3.041E+00,+3.250E+00
-67.800E+00,+3.041E+00,+3.250E+00
-67.700E+00,+3.041E+00,+3.250E+00
-67.600E+00,+3.039E+00,+3.248E+00
-67.500E+00,+3.037E+00,+3.248E+00
-67.400E+00,+3.037E+00,+3.250E+00
-67.300E+00,+3.037E+00,+3.250E+00
-67.200E+00,+3.035E+00,+3.250E+00
-67.100E+00,+3.035E+00,+3.248E+00
-67.000E+00,+3.035E+00,+3.250E+00
-66.900E+00,+3.035E+00,+3.248E+00
-66.800E+00,+3.035E+00,+3.248E+00
-66.700E+00,+3.035E+00,+3.248E+00
-66.600E+00,+3.033E+00,+3.250E+00
-66.500E+00,+3.033E+00,+3.250E+00
-66.400E+00,+3.033E+00,+3.250E+00
-66.300E+00,+3.031E+00,+3.250E+00
-66.200E+00,+3.031E+00,+3.250E+00
-66.100E+00,+3.031E+00,+3.248E+00
-66.000E+00,+3.033E+00,+3.250E+00
-65.900E+00,+3.033E+00,+3.250E+00
-65.800E+00,+3.033E+00,+3.250E+00
-65.700E+00,+3.033E+00,+3.250E+00
-65.600E+00,+3.033E+00,+3.250E+00
-65.500E+00,+3.031E+00,+3.250E+00
-65.400E+00,+3.031E+00,+3.250E+00
-65.300E+00,+3.031E+00,+3.246E+00
-65.200E+00,+3.031E+00,+3.250E+00
-65.100E+00,+3.033E+00,+3.250E+00
-65.000E+00,+3.031E+00,+3.250E+00
-64.900E+00,+3.031E+00,+3.250E+00
-64.800E+00,+3.033E+00,+3.250E+00
-64.700E+00,+3.033E+00,+3.252E+00
-64.600E+00,+3.031E+00,+3.250E+00
-64.500E+00,+3.031E+00,+3.248E+00
-64.400E+00,+3.031E+00,+3.250E+00
-64.300E+00,+3.031E+00,+3.248E+00
-64.200E+00,+3.031E+00,+3.248E+00
-64.100E+00,+3.031E+00,+3.250E+00
-64.000E+00,+3.031E+00,+3.252E+00
-63.900E+00,+3.031E+00,+3.254E+00
-63.800E+00,+3.031E+00,+3.254E+00
-63.700E+00,+3.031E+00,+3.256E+00
-63.600E+00,+3.031E+00,+3.256E+00
-63.500E+00,+3.031E+00,+3.256E+00
-63.400E+00,+3.031E+00,+3.256E+00
-63.300E+00,+3.031E+00,+3.256E+00
-63.200E+00,+3.031E+00,+3.256E+00
-63.100E+00,+3.031E+00,+3.256E+00
-63.000E+00,+3.031E+00,+3.256E+00
-62.900E+00,+3.031E+00,+3.256E+00
-62.800E+00,+3.031E+00,+3.258E+00
-62.700E+00,+3.031E+00,+3.260E+00
-62.600E+00,+3.031E+00,+3.264E+00
-62.500E+00,+3.031E+00,+3.264E+00
-62.400E+00,+3.031E+00,+3.264E+00
-62.300E+00,+3.031E+00,+3.262E+00
-62.200E+00,+3.031E+00,+3.262E+00
-62.100E+00,+3.031E+00,+3.262E+00
-62.000E+00,+3.031E+00,+3.262E+00
-61.900E+00,+3.031E+00,+3.262E+00
-61.800E+00,+3.031E+00,+3.260E+00
-61.700E+00,+3.031E+00,+3.262E+00
-61.600E+00,+3.029E+00,+3.262E+00
-61.500E+00,+3.029E+00,+3.262E+00
-61.400E+00,+3.029E+00,+3.262E+00
-61.300E+00,+3.029E+00,+3.266E+00
-61.200E+00,+3.029E+00,+3.266E+00
-61.100E+00,+3.029E+00,+3.264E+00
-61.000E+00,+3.029E+00,+3.264E+00
-60.900E+00,+3.029E+00,+3.262E+00
-60.800E+00,+3.027E+00,+3.262E+00
-60.700E+00,+3.027E+00,+3.264E+00
-60.600E+00,+3.027E+00,+3.266E+00
-60.500E+00,+3.025E+00,+3.264E+00
-60.400E+00,+3.017E+00,+3.264E+00
-60.300E+00,+3.011E+00,+3.262E+00
-60.200E+00,+3.011E+00,+3.264E+00
-60.100E+00,+3.010E+00,+3.264E+00
-60.000E+00,+3.008E+00,+3.264E+00
-59.900E+00,+3.006E+00,+3.264E+00
-59.800E+00,+3.006E+00,+3.264E+00
-59.700E+00,+3.006E+00,+3.266E+00
-59.600E+00,+3.004E+00,+3.268E+00
-59.500E+00,+3.004E+00,+3.266E+00
-59.400E+00,+3.004E+00,+3.266E+00
-59.300E+00,+3.004E+00,+3.266E+00
-59.200E+00,+3.004E+00,+3.266E+00
-59.100E+00,+3.004E+00,+3.266E+00
-59.000E+00,+3.004E+00,+3.264E+00
-58.900E+00,+3.006E+00,+3.264E+00
-58.800E+00,+3.004E+00,+3.264E+00
-58.700E+00,+3.004E+00,+3.266E+00
-58.600E+00,+3.004E+00,+3.268E+00
-58.500E+00,+3.004E+00,+3.268E+00
-58.400E+00,+3.004E+00,+3.268E+00
-58.300E+00,+3.004E+00,+3.266E+00
-58.200E+00,+3.004E+00,+3.266E+00
-58.100E+00,+3.004E+00,+3.266E+00
-58.000E+00,+3.004E+00,+3.266E+00
-57.900E+00,+3.004E+00,+3.266E+00
-57.800E+00,+3.004E+00,+3.268E+00
-57.700E+00,+3.002E+00,+3.270E+00
-57.600E+00,+3.002E+00,+3.268E+00
-57.500E+00,+3.004E+00,+3.268E+00
-57.400E+00,+3.002E+00,+3.268E+00
-57.300E+00,+3.000E+00,+3.268E+00
-57.200E+00,+3.000E+00,+3.270E+00
-57.100E+00,+3.000E+00,+3.270E+00
-57.000E+00,+3.002E+00,+3.270E+00
-56.900E+00,+3.000E+00,+3.270E+00
-56.800E+00,+3.000E+00,+3.270E+00
-56.700E+00,+3.000E+00,+3.270E+00
-56.600E+00,+3.000E+00,+3.270E+00
-56.500E+00,+3.000E+00,+3.270E+00
-56.400E+00,+3.000E+00,+3.270E+00
-56.300E+00,+2.998E+00,+3.272E+00
-56.200E+00,+2.998E+00,+3.272E+00
-56.100E+00,+2.998E+00,+3.272E+00
-56.000E+00,+2.996E+00,+3.272E+00
-55.900E+00,+2.996E+00,+3.272E+00
-55.800E+00,+2.996E+00,+3.272E+00
-55.700E+00,+2.996E+00,+3.274E+00
-55.600E+00,+2.996E+00,+3.272E+00
-55.500E+00,+2.994E+00,+3.274E+00
-55.400E+00,+2.986E+00,+3.274E+00
-55.300E+00,+2.986E+00,+3.276E+00
-55.200E+00,+2.986E+00,+3.278E+00
-55.100E+00,+2.986E+00,+3.280E+00
-55.000E+00,+2.986E+00,+3.280E+00
-54.900E+00,+2.984E+00,+3.278E+00
-54.800E+00,+2.982E+00,+3.280E+00
-54.700E+00,+2.982E+00,+3.281E+00
-54.600E+00,+2.982E+00,+3.283E+00
-54.500E+00,+2.982E+00,+3.283E+00
-54.400E+00,+2.982E+00,+3.283E+00
-54.300E+00,+2.980E+00,+3.281E+00
-54.200E+00,+2.980E+00,+3.283E+00
-54.100E+00,+2.980E+00,+3.283E+00
-54.000E+00,+2.980E+00,+3.283E+00
-53.900E+00,+2.980E+00,+3.287E+00
-53.800E+00,+2.978E+00,+3.287E+00
-53.700E+00,+2.978E+00,+3.285E+00
-53.600E+00,+2.978E+00,+3.285E+00
-53.500E+00,+2.978E+00,+3.287E+00
-53.400E+00,+2.978E+00,+3.287E+00
-53.300E+00,+2.978E+00,+3.287E+00
-53.200E+00,+2.978E+00,+3.289E+00
-53.100E+00,+2.978E+00,+3.291E+00
-53.000E+00,+2.978E+00,+3.291E+00
-52.900E+00,+2.978E+00,+3.293E+00
-52.800E+00,+2.978E+00,+3.293E+00
-52.700E+00,+2.978E+00,+3.291E+00
-52.600E+00,+2.978E+00,+3.293E+00
-52.500E+00,+2.980E+00,+3.291E+00
-52.400E+00,+2.978E+00,+3.291E+00
-52.300E+00,+2.978E+00,+3.293E+00
-52.200E+00,+2.978E+00,+3.293E+00
-52.100E+00,+2.980E+00,+3.291E+00
-52.000E+00,+2.980E+00,+3.293E+00
-51.900E+00,+2.978E+00,+3.295E+00
-51.800E+00,+2.980E+00,+3.301E+00
-51.700E+00,+2.980E+00,+3.303E+00
-51.600E+00,+2.980E+00,+3.303E+00
-51.500E+00,+2.980E+00,+3.303E+00
-51.400E+00,+2.978E+00,+3.303E+00
-51.300E+00,+2.978E+00,+3.305E+00
-51.200E+00,+2.978E+00,+3.305E+00
-51.100E+00,+2.978E+00,+3.309E+00
-51.000E+00,+2.978E+00,+3.309E+00
-50.900E+00,+2.976E+00,+3.309E+00
-50.800E+00,+2.978E+00,+3.307E+00
-50.700E+00,+2.978E+00,+3.303E+00
-50.600E+00,+2.976E+00,+3.303E+00
-50.500E+00,+2.976E+00,+3.305E+00
-50.400E+00,+2.976E+00,+3.305E+00
-50.300E+00,+2.976E+00,+3.305E+00
-50.200E+00,+2.976E+00,+3.307E+00
-50.100E+00,+2.976E+00,+3.307E+00
-50.000E+00,+2.976E+00,+3.309E+00
-49.900E+00,+2.976E+00,+3.309E+00
-49.800E+00,+2.976E+00,+3.309E+00
-49.700E+00,+2.976E+00,+3.311E+00
-49.600E+00,+2.976E+00,+3.311E+00
-49.500E+00,+2.976E+00,+3.313E+00
-49.400E+00,+2.976E+00,+3.315E+00
-49.300E+00,+2.976E+00,+3.315E+00
-49.200E+00,+2.976E+00,+3.315E+00
-49.100E+00,+2.976E+00,+3.315E+00
-49.000E+00,+2.976E+00,+3.317E+00
-48.900E+00,+2.978E+00,+3.317E+00
-48.800E+00,+2.976E+00,+3.317E+00
-48.700E+00,+2.976E+00,+3.317E+00
-48.600E+00,+2.976E+00,+3.319E+00
-48.500E+00,+2.976E+00,+3.321E+00
-48.400E+00,+2.976E+00,+3.319E+00
-48.300E+00,+2.976E+00,+3.319E+00
-48.200E+00,+2.976E+00,+3.319E+00
-48.100E+00,+2.976E+00,+3.324E+00
-48.000E+00,+2.976E+00,+3.323E+00
-47.900E+00,+2.976E+00,+3.324E+00
-47.800E+00,+2.976E+00,+3.326E+00
-47.700E+00,+2.976E+00,+3.326E+00
-47.600E+00,+2.976E+00,+3.324E+00
-47.500E+00,+2.976E+00,+3.326E+00
-47.400E+00,+2.976E+00,+3.328E+00
-47.300E+00,+2.976E+00,+3.328E+00
-47.200E+00,+2.976E+00,+3.328E+00
-47.100E+00,+2.976E+00,+3.328E+00
-47.000E+00,+2.976E+00,+3.328E+00
-46.900E+00,+2.976E+00,+3.328E+00
-46.800E+00,+2.976E+00,+3.328E+00
-46.700E+00,+2.976E+00,+3.330E+00
-46.600E+00,+2.974E+00,+3.328E+00
-46.500E+00,+2.972E+00,+3.328E+00
-46.400E+00,+2.972E+00,+3.330E+00
-46.300E+00,+2.972E+00,+3.330E+00
-46.200E+00,+2.972E+00,+3.330E+00
-46.100E+00,+2.972E+00,+3.330E+00
-46.000E+00,+2.972E+00,+3.328E+00
-45.900E+00,+2.972E+00,+3.328E+00
-45.800E+00,+2.970E+00,+3.330E+00
-45.700E+00,+2.970E+00,+3.330E+00
-45.600E+00,+2.970E+00,+3.330E+00
-45.500E+00,+2.970E+00,+3.330E+00
-45.400E+00,+2.967E+00,+3.332E+00
-45.300E+00,+2.967E+00,+3.332E+00
-45.200E+00,+2.967E+00,+3.332E+00
-45.100E+00,+2.967E+00,+3.336E+00
-45.000E+00,+2.967E+00,+3.338E+00
-44.900E+00,+2.965E+00,+3.336E+00
-44.800E+00,+2.965E+00,+3.336E+00
-44.700E+00,+2.965E+00,+3.338E+00
-44.600E+00,+2.965E+00,+3.338E+00
-44.500E+00,+2.965E+00,+3.336E+00
-44.400E+00,+2.965E+00,+3.336E+00
-44.300E+00,+2.965E+00,+3.336E+00
-44.200E+00,+2.965E+00,+3.336E+00
-44.100E+00,+2.965E+00,+3.336E+00
-44.000E+00,+2.965E+00,+3.336E+00
-43.900E+00,+2.965E+00,+3.336E+00
-43.800E+00,+2.965E+00,+3.338E+00
-43.700E+00,+2.963E+00,+3.338E+00
-43.600E+00,+2.963E+00,+3.338E+00
-43.500E+00,+2.963E+00,+3.338E+00
-43.400E+00,+2.963E+00,+3.338E+00
-43.300E+00,+2.963E+00,+3.338E+00
-43.200E+00,+2.963E+00,+3.338E+00
-43.100E+00,+2.963E+00,+3.338E+00
-43.000E+00,+2.963E+00,+3.338E+00
-42.900E+00,+2.963E+00,+3.336E+00
-42.800E+00,+2.963E+00,+3.338E+00
-42.700E+00,+2.961E+00,+3.338E+00
-42.600E+00,+2.961E+00,+3.338E+00
-42.500E+00,+2.961E+00,+3.338E+00
-42.400E+00,+2.961E+00,+3.338E+00
-42.300E+00,+2.961E+00,+3.338E+00
-42.200E+00,+2.961E+00,+3.338E+00
-42.100E+00,+2.961E+00,+3.340E+00
-42.000E+00,+2.961E+00,+3.338E+00
-41.900E+00,+2.961E+00,+3.340E+00
-41.800E+00,+2.961E+00,+3.340E+00
-41.700E+00,+2.961E+00,+3.340E+00
-41.600E+00,+2.961E+00,+3.338E+00
-41.500E+00,+2.959E+00,+3.338E+00
-41.400E+00,+2.959E+00,+3.338E+00
-41.300E+00,+2.959E+00,+3.338E+00
-41.200E+00,+2.959E+00,+3.338E+00
-41.100E+00,+2.959E+00,+3.338E+00
-41.000E+00,+2.959E+00,+3.338E+00
-40.900E+00,+2.959E+00,+3.336E+00
-40.800E+00,+2.959E+00,+3.338E+00
-40.700E+00,+2.959E+00,+3.338E+00
-40.600E+00,+2.959E+00,+3.338E+00
-40.500E+00,+2.959E+00,+3.338E+00
-40.400E+00,+2.959E+00,+3.338E+00
-40.300E+00,+2.959E+00,+3.338E+00
-40.200E+00,+2.959E+00,+3.340E+00
-40.100E+00,+2.959E+00,+3.340E+00
-40.000E+00,+2.959E+00,+3.338E+00
-39.900E+00,+2.959E+00,+3.336E+00
-39.800E+00,+2.959E+00,+3.338E+00
-39.700E+00,+2.959E+00,+3.338E+00
-39.600E+00,+2.959E+00,+3.338E+00
-39.500E+00,+2.959E+00,+3.338E+00
-39.400E+00,+2.959E+00,+3.338E+00
-39.300E+00,+2.957E+00,+3.338E+00
-39.200E+00,+2.957E+00,+3.338E+00
-39.100E+00,+2.957E+00,+3.338E+00
-39.000E+00,+2.953E+00,+3.338E+00
-38.900E+00,+2.951E+00,+3.338E+00
-38.800E+00,+2.951E+00,+3.338E+00
-38.700E+00,+2.951E+00,+3.338E+00
-38.600E+00,+2.951E+00,+3.338E+00
-38.500E+00,+2.951E+00,+3.338E+00
-38.400E+00,+2.951E+00,+3.338E+00
-38.300E+00,+2.951E+00,+3.338E+00
-38.200E+00,+2.951E+00,+3.338E+00
-38.100E+00,+2.951E+00,+3.338E+00
-38.000E+00,+2.951E+00,+3.338E+00
-37.900E+00,+2.947E+00,+3.338E+00
-37.800E+00,+2.947E+00,+3.338E+00
-37.700E+00,+2.945E+00,+3.340E+00
-37.600E+00,+2.945E+00,+3.340E+00
-37.500E+00,+2.945E+00,+3.340E+00
-37.400E+00,+2.945E+00,+3.340E+00
-37.300E+00,+2.945E+00,+3.340E+00
-37.200E+00,+2.943E+00,+3.340E+00
-37.100E+00,+2.943E+00,+3.338E+00
-37.000E+00,+2.943E+00,+3.340E+00
-36.900E+00,+2.943E+00,+3.340E+00
-36.800E+00,+2.943E+00,+3.340E+00
-36.700E+00,+2.943E+00,+3.340E+00
-36.600E+00,+2.943E+00,+3.340E+00
-36.500E+00,+2.941E+00,+3.338E+00
-36.400E+00,+2.941E+00,+3.340E+00
-36.300E+00,+2.943E+00,+3.340E+00
-36.200E+00,+2.943E+00,+3.340E+00
-36.100E+00,+2.943E+00,+3.340E+00
-36.000E+00,+2.943E+00,+3.340E+00
-35.900E+00,+2.943E+00,+3.340E+00
-35.800E+00,+2.941E+00,+3.340E+00
-35.700E+00,+2.943E+00,+3.340E+00
-35.600E+00,+2.941E+00,+3.340E+00
-35.500E+00,+2.941E+00,+3.340E+00
-35.400E+00,+2.941E+00,+3.340E+00
-35.300E+00,+2.941E+00,+3.340E+00
-35.200E+00,+2.941E+00,+3.340E+00
-35.100E+00,+2.941E+00,+3.340E+00
-35.000E+00,+2.941E+00,+3.338E+00
-34.900E+00,+2.941E+00,+3.340E+00
-34.800E+00,+2.941E+00,+3.340E+00
-34.700E+00,+2.941E+00,+3.340E+00
-34.600E+00,+2.941E+00,+3.340E+00
-34.500E+00,+2.941E+00,+3.340E+00
-34.400E+00,+2.941E+00,+3.340E+00
-34.300E+00,+2.941E+00,+3.340E+00
-34.200E+00,+2.941E+00,+3.340E+00
-34.100E+00,+2.941E+00,+3.340E+00
-34.000E+00,+2.941E+00,+3.340E+00
-33.900E+00,+2.941E+00,+3.340E+00
-33.800E+00,+2.941E+00,+3.340E+00
-33.700E+00,+2.939E+00,+3.340E+00
-33.600E+00,+2.941E+00,+3.340E+00
-33.500E+00,+2.939E+00,+3.342E+00
-33.400E+00,+2.939E+00,+3.340E+00
-33.300E+00,+2.939E+00,+3.340E+00
-33.200E+00,+2.939E+00,+3.340E+00
-33.100E+00,+2.939E+00,+3.342E+00
-33.000E+00,+2.939E+00,+3.342E+00
-32.900E+00,+2.939E+00,+3.342E+00
-32.800E+00,+2.939E+00,+3.342E+00
-32.700E+00,+2.937E+00,+3.342E+00
-32.600E+00,+2.937E+00,+3.342E+00
-32.500E+00,+2.937E+00,+3.342E+00
-32.400E+00,+2.935E+00,+3.342E+00
-32.300E+00,+2.935E+00,+3.342E+00
-32.200E+00,+2.935E+00,+3.342E+00
-32.100E+00,+2.933E+00,+3.342E+00
-32.000E+00,+2.933E+00,+3.342E+00
-31.900E+00,+2.933E+00,+3.342E+00
-31.800E+00,+2.931E+00,+3.342E+00
-31.700E+00,+2.931E+00,+3.342E+00
-31.600E+00,+2.931E+00,+3.342E+00
-31.500E+00,+2.929E+00,+3.344E+00
-31.400E+00,+2.927E+00,+3.344E+00
-31.300E+00,+2.927E+00,+3.346E+00
-31.200E+00,+2.927E+00,+3.346E+00
-31.100E+00,+2.927E+00,+3.344E+00
-31.000E+00,+2.927E+00,+3.344E+00
-30.900E+00,+2.927E+00,+3.344E+00
-30.800E+00,+2.927E+00,+3.344E+00
-30.700E+00,+2.927E+00,+3.344E+00
-30.600E+00,+2.927E+00,+3.346E+00
-30.500E+00,+2.926E+00,+3.344E+00
-30.400E+00,+2.927E+00,+3.344E+00
-30.300E+00,+2.926E+00,+3.346E+00
-30.200E+00,+2.926E+00,+3.344E+00
-30.100E+00,+2.926E+00,+3.346E+00
-30.000E+00,+2.926E+00,+3.348E+00
-29.900E+00,+2.926E+00,+3.348E+00
-29.800E+00,+2.924E+00,+3.350E+00
-29.700E+00,+2.924E+00,+3.348E+00
-29.600E+00,+2.922E+00,+3.348E+00
-29.500E+00,+2.922E+00,+3.348E+00
-29.400E+00,+2.922E+00,+3.350E+00
-29.300E+00,+2.922E+00,+3.348E+00
-29.200E+00,+2.922E+00,+3.348E+00
-29.100E+00,+2.922E+00,+3.350E+00
-29.000E+00,+2.922E+00,+3.350E+00
-28.900E+00,+2.922E+00,+3.350E+00
-28.800E+00,+2.922E+00,+3.350E+00
-28.700E+00,+2.922E+00,+3.352E+00
-28.600E+00,+2.920E+00,+3.352E+00
-28.500E+00,+2.922E+00,+3.350E+00
-28.400E+00,+2.922E+00,+3.350E+00
-28.300E+00,+2.922E+00,+3.350E+00
-28.200E+00,+2.922E+00,+3.350E+00
-28.100E+00,+2.922E+00,+3.350E+00
-28.000E+00,+2.922E+00,+3.352E+00
-27.900E+00,+2.920E+00,+3.354E+00
-27.800E+00,+2.920E+00,+3.354E+00
-27.700E+00,+2.920E+00,+3.352E+00
-27.600E+00,+2.920E+00,+3.354E+00
-27.500E+00,+2.920E+00,+3.356E+00
-27.400E+00,+2.920E+00,+3.356E+00
-27.300E+00,+2.920E+00,+3.356E+00
-27.200E+00,+2.920E+00,+3.358E+00
-27.100E+00,+2.918E+00,+3.358E+00
-27.000E+00,+2.920E+00,+3.360E+00
-26.900E+00,+2.920E+00,+3.360E+00
-26.800E+00,+2.918E+00,+3.358E+00
-26.700E+00,+2.916E+00,+3.360E+00
-26.600E+00,+2.916E+00,+3.365E+00
-26.500E+00,+2.916E+00,+3.367E+00
-26.400E+00,+2.914E+00,+3.369E+00
-26.300E+00,+2.912E+00,+3.371E+00
-26.200E+00,+2.914E+00,+3.375E+00
-26.100E+00,+2.912E+00,+3.377E+00
-26.000E+00,+2.912E+00,+3.375E+00
-25.900E+00,+2.912E+00,+3.375E+00
-25.800E+00,+2.912E+00,+3.375E+00
-25.700E+00,+2.912E+00,+3.379E+00
-25.600E+00,+2.912E+00,+3.379E+00
-25.500E+00,+2.912E+00,+3.379E+00
-25.400E+00,+2.912E+00,+3.379E+00
-25.300E+00,+2.910E+00,+3.379E+00
-25.200E+00,+2.912E+00,+3.385E+00
-25.100E+00,+2.912E+00,+3.391E+00
-25.000E+00,+2.910E+00,+3.391E+00
-24.900E+00,+2.910E+00,+3.391E+00
-24.800E+00,+2.910E+00,+3.391E+00
-24.700E+00,+2.910E+00,+3.391E+00
-24.600E+00,+2.910E+00,+3.391E+00
-24.500E+00,+2.910E+00,+3.391E+00
-24.400E+00,+2.910E+00,+3.391E+00
-24.300E+00,+2.910E+00,+3.391E+00
-24.200E+00,+2.908E+00,+3.391E+00
-24.100E+00,+2.908E+00,+3.391E+00
-24.000E+00,+2.910E+00,+3.391E+00
-23.900E+00,+2.908E+00,+3.391E+00
-23.800E+00,+2.906E+00,+3.391E+00
-23.700E+00,+2.906E+00,+3.391E+00
-23.600E+00,+2.906E+00,+3.391E+00
-23.500E+00,+2.902E+00,+3.393E+00
-23.400E+00,+2.900E+00,+3.393E+00
-23.300E+00,+2.900E+00,+3.391E+00
-23.200E+00,+2.898E+00,+3.391E+00
-23.100E+00,+2.898E+00,+3.391E+00
-23.000E+00,+2.898E+00,+3.391E+00
-22.900E+00,+2.898E+00,+3.391E+00
-22.800E+00,+2.898E+00,+3.391E+00
-22.700E+00,+2.898E+00,+3.391E+00
-22.600E+00,+2.898E+00,+3.391E+00
-22.500E+00,+2.896E+00,+3.391E+00
-22.400E+00,+2.896E+00,+3.391E+00
-22.300E+00,+2.896E+00,+3.391E+00
-22.200E+00,+2.896E+00,+3.391E+00
-22.100E+00,+2.898E+00,+3.391E+00
-22.000E+00,+2.898E+00,+3.391E+00
-21.900E+00,+2.896E+00,+3.391E+00
-21.800E+00,+2.896E+00,+3.391E+00
-21.700E+00,+2.896E+00,+3.391E+00
-21.600E+00,+2.896E+00,+3.391E+00
-21.500E+00,+2.896E+00,+3.391E+00
-21.400E+00,+2.896E+00,+3.393E+00
-21.300E+00,+2.896E+00,+3.391E+00
-21.200E+00,+2.896E+00,+3.393E+00
-21.100E+00,+2.896E+00,+3.393E+00
-21.000E+00,+2.896E+00,+3.393E+00
-20.900E+00,+2.896E+00,+3.393E+00
-20.800E+00,+2.896E+00,+3.393E+00
-20.700E+00,+2.896E+00,+3.393E+00
-20.600E+00,+2.896E+00,+3.393E+00
-20.500E+00,+2.896E+00,+3.393E+00
-20.400E+00,+2.896E+00,+3.393E+00
-20.300E+00,+2.896E+00,+3.393E+00
-20.200E+00,+2.896E+00,+3.393E+00
-20.100E+00,+2.896E+00,+3.393E+00
-20.000E+00,+2.896E+00,+3.393E+00
-19.900E+00,+2.896E+00,+3.393E+00
-19.800E+00,+2.896E+00,+3.393E+00
-19.700E+00,+2.896E+00,+3.393E+00
-19.600E+00,+2.894E+00,+3.393E+00
-19.500E+00,+2.894E+00,+3.393E+00
-19.400E+00,+2.894E+00,+3.393E+00
-19.300E+00,+2.894E+00,+3.393E+00
-19.200E+00,+2.894E+00,+3.393E+00
-19.100E+00,+2.892E+00,+3.393E+00
-19.000E+00,+2.892E+00,+3.393E+00
-18.900E+00,+2.892E+00,+3.393E+00
-18.800E+00,+2.892E+00,+3.393E+00
-18.700E+00,+2.892E+00,+3.393E+00
-18.600E+00,+2.892E+00,+3.393E+00
-18.500E+00,+2.892E+00,+3.391E+00
-18.400E+00,+2.892E+00,+3.391E+00
-18.300E+00,+2.892E+00,+3.391E+00
-18.200E+00,+2.892E+00,+3.391E+00
-18.100E+00,+2.890E+00,+3.393E+00
-18.000E+00,+2.890E+00,+3.393E+00
-17.900E+00,+2.892E+00,+3.393E+00
-17.800E+00,+2.890E+00,+3.393E+00
-17.700E+00,+2.892E+00,+3.393E+00
-17.600E+00,+2.890E+00,+3.393E+00
-17.500E+00,+2.890E+00,+3.393E+00
-17.400E+00,+2.890E+00,+3.393E+00
-17.300E+00,+2.890E+00,+3.393E+00
-17.200E+00,+2.890E+00,+3.393E+00
-17.100E+00,+2.890E+00,+3.393E+00
-17.000E+00,+2.890E+00,+3.393E+00
-16.900E+00,+2.890E+00,+3.393E+00
-16.800E+00,+2.890E+00,+3.393E+00
-16.700E+00,+2.890E+00,+3.393E+00
-16.600E+00,+2.890E+00,+3.393E+00
-16.500E+00,+2.890E+00,+3.393E+00
-16.400E+00,+2.890E+00,+3.395E+00
-16.300E+00,+2.890E+00,+3.397E+00
-16.200E+00,+2.890E+00,+3.395E+00
-16.100E+00,+2.890E+00,+3.395E+00
-16.000E+00,+2.890E+00,+3.395E+00
-15.900E+00,+2.890E+00,+3.397E+00
-15.800E+00,+2.890E+00,+3.397E+00
-15.700E+00,+2.890E+00,+3.397E+00
-15.600E+00,+2.890E+00,+3.397E+00
-15.500E+00,+2.888E+00,+3.397E+00
-15.400E+00,+2.888E+00,+3.397E+00
-15.300E+00,+2.888E+00,+3.395E+00
-15.200E+00,+2.888E+00,+3.395E+00
-15.100E+00,+2.888E+00,+3.395E+00
-15.000E+00,+2.888E+00,+3.395E+00
-14.900E+00,+2.888E+00,+3.395E+00
-14.800E+00,+2.888E+00,+3.395E+00
-14.700E+00,+2.888E+00,+3.395E+00
-14.600E+00,+2.888E+00,+3.395E+00
-14.500E+00,+2.888E+00,+3.395E+00
-14.400E+00,+2.888E+00,+3.395E+00
-14.300E+00,+2.888E+00,+3.395E+00
-14.200E+00,+2.888E+00,+3.395E+00
-14.100E+00,+2.888E+00,+3.395E+00
-14.000E+00,+2.888E+00,+3.395E+00
-13.900E+00,+2.888E+00,+3.395E+00
-13.800E+00,+2.888E+00,+3.395E+00
-13.700E+00,+2.888E+00,+3.395E+00
-13.600E+00,+2.886E+00,+3.395E+00
-13.500E+00,+2.886E+00,+3.395E+00
-13.400E+00,+2.886E+00,+3.395E+00
-13.300E+00,+2.886E+00,+3.395E+00
-13.200E+00,+2.886E+00,+3.395E+00
-13.100E+00,+2.886E+00,+3.395E+00
-13.000E+00,+2.886E+00,+3.395E+00
-12.900E+00,+2.886E+00,+3.395E+00
-12.800E+00,+2.886E+00,+3.395E+00
-12.700E+00,+2.888E+00,+3.395E+00
-12.600E+00,+2.888E+00,+3.395E+00
-12.500E+00,+2.888E+00,+3.395E+00
-12.400E+00,+2.886E+00,+3.395E+00
-12.300E+00,+2.886E+00,+3.395E+00
-12.200E+00,+2.886E+00,+3.395E+00
-12.100E+00,+2.886E+00,+3.395E+00
-12.000E+00,+2.886E+00,+3.395E+00
-11.900E+00,+2.886E+00,+3.393E+00
-11.800E+00,+2.886E+00,+3.393E+00
-11.700E+00,+2.886E+00,+3.393E+00
-11.600E+00,+2.886E+00,+3.393E+00
-11.500E+00,+2.886E+00,+3.393E+00
-11.400E+00,+2.886E+00,+3.393E+00
-11.300E+00,+2.886E+00,+3.395E+00
-11.200E+00,+2.886E+00,+3.395E+00
-11.100E+00,+2.886E+00,+3.395E+00
-11.000E+00,+2.886E+00,+3.395E+00
-10.900E+00,+2.886E+00,+3.395E+00
-10.800E+00,+2.886E+00,+3.395E+00
-10.700E+00,+2.886E+00,+3.395E+00
-10.600E+00,+2.886E+00,+3.395E+00
-10.500E+00,+2.886E+00,+3.393E+00
-10.400E+00,+2.886E+00,+3.395E+00
-10.300E+00,+2.886E+00,+3.395E+00
-10.200E+00,+2.886E+00,+3.395E+00
-10.100E+00,+2.886E+00,+3.395E+00
-10.000E+00,+2.886E+00,+3.397E+00
-9.900E+00,+2.886E+00,+3.397E+00
-9.800E+00,+2.886E+00,+3.395E+00
-9.700E+00,+2.886E+00,+3.395E+00
-9.600E+00,+2.886E+00,+3.395E+00
-9.500E+00,+2.886E+00,+3.395E+00
-9.400E+00,+2.886E+00,+3.395E+00
-9.300E+00,+2.886E+00,+3.397E+00
-9.200E+00,+2.886E+00,+3.397E+00
-9.100E+00,+2.886E+00,+3.397E+00
-9.000E+00,+2.886E+00,+3.397E+00
-8.900E+00,+2.886E+00,+3.397E+00
-8.800E+00,+2.886E+00,+3.397E+00
-8.700E+00,+2.886E+00,+3.397E+00
-8.600E+00,+2.886E+00,+3.397E+00
-8.500E+00,+2.886E+00,+3.397E+00
-8.400E+00,+2.886E+00,+3.397E+00
-8.300E+00,+2.886E+00,+3.397E+00
-8.200E+00,+2.885E+00,+3.397E+00
-8.100E+00,+2.885E+00,+3.399E+00
-8.000E+00,+2.886E+00,+3.397E+00
-7.900E+00,+2.885E+00,+3.399E+00
-7.800E+00,+2.885E+00,+3.399E+00
-7.700E+00,+2.885E+00,+3.399E+00
-7.600E+00,+2.886E+00,+3.399E+00
-7.500E+00,+2.886E+00,+3.399E+00
-7.400E+00,+2.886E+00,+3.397E+00
-7.300E+00,+2.885E+00,+3.395E+00
-7.200E+00,+2.885E+00,+3.395E+00
-7.100E+00,+2.885E+00,+3.395E+00
-7.000E+00,+2.885E+00,+3.397E+00
-6.900E+00,+2.885E+00,+3.395E+00
-6.800E+00,+2.885E+00,+3.395E+00
-6.700E+00,+2.885E+00,+3.395E+00
-6.600E+00,+2.885E+00,+3.395E+00
-6.500E+00,+2.885E+00,+3.395E+00
-6.400E+00,+2.885E+00,+3.395E+00
-6.300E+00,+2.885E+00,+3.395E+00
-6.200E+00,+2.885E+00,+3.395E+00
-6.100E+00,+2.885E+00,+3.395E+00
-6.000E+00,+2.885E+00,+3.395E+00
-5.900E+00,+2.885E+00,+3.393E+00
-5.800E+00,+2.885E+00,+3.393E+00
-5.700E+00,+2.885E+00,+3.393E+00
-5.600E+00,+2.885E+00,+3.393E+00
-5.500E+00,+2.885E+00,+3.395E+00
-5.400E+00,+2.885E+00,+3.395E+00
-5.300E+00,+2.885E+00,+3.395E+00
-5.200E+00,+2.883E+00,+3.395E+00
-5.100E+00,+2.883E+00,+3.397E+00
-5.000E+00,+2.885E+00,+3.395E+00
-4.900E+00,+2.883E+00,+3.395E+00
-4.800E+00,+2.883E+00,+3.395E+00
-4.700E+00,+2.883E+00,+3.397E+00
-4.600E+00,+2.883E+00,+3.395E+00
-4.500E+00,+2.883E+00,+3.395E+00
-4.400E+00,+2.883E+00,+3.395E+00
-4.300E+00,+2.883E+00,+3.395E+00
-4.200E+00,+2.883E+00,+3.395E+00
-4.100E+00,+2.883E+00,+3.397E+00
-4.000E+00,+2.883E+00,+3.397E+00
-3.900E+00,+2.883E+00,+3.395E+00
-3.800E+00,+2.883E+00,+3.395E+00
-3.700E+00,+2.883E+00,+3.395E+00
-3.600E+00,+2.883E+00,+3.397E+00
-3.500E+00,+2.883E+00,+3.395E+00
-3.400E+00,+2.883E+00,+3.397E+00
-3.300E+00,+2.883E+00,+3.395E+00
-3.200E+00,+2.881E+00,+3.395E+00
-3.100E+00,+2.883E+00,+3.395E+00
-3.000E+00,+2.881E+00,+3.395E+00
-2.900E+00,+2.881E+00,+3.395E+00
-2.800E+00,+2.881E+00,+3.395E+00
-2.700E+00,+2.881E+00,+3.395E+00
-2.600E+00,+2.881E+00,+3.395E+00
-2.500E+00,+2.881E+00,+3.395E+00
-2.400E+00,+2.881E+00,+3.395E+00
-2.300E+00,+2.881E+00,+3.393E+00
-2.200E+00,+2.881E+00,+3.393E+00
-2.100E+00,+2.881E+00,+3.393E+00
-2.000E+00,+2.881E+00,+3.393E+00
-1.900E+00,+2.881E+00,+3.395E+00
-1.800E+00,+2.881E+00,+3.397E+00
-1.700E+00,+2.881E+00,+3.395E+00
-1.600E+00,+2.881E+00,+3.395E+00
-1.500E+00,+2.881E+00,+3.395E+00
-1.400E+00,+2.881E+00,+3.397E+00
-1.300E+00,+2.881E+00,+3.395E+00
-1.200E+00,+2.881E+00,+3.395E+00
-1.100E+00,+2.881E+00,+3.395E+00
-1.000E+00,+2.879E+00,+3.397E+00
-900E-03,+2.879E+00,+3.397E+00
-800E-03,+2.879E+00,+3.397E+00
-700E-03,+2.879E+00,+3.397E+00
-600E-03,+2.879E+00,+3.397E+00
-500E-03,+2.879E+00,+3.397E+00
-400E-03,+2.879E+00,+3.397E+00
-300E-03,+2.879E+00,+3.397E+00
-200E-03,+2.879E+00,+3.399E+00
-100E-03,+2.879E+00,+3.399E+00
Anlg Ch State  Units/Div  Position  Coupling  BW Limit  Invert 
 Ch 1:    On     1.00V/    2.281V      DC        Off      Off  
 Ch 2:    On     1.00V/    4.094V      DC        Off      Off  

Anlg Ch Impedance   Probe  
 Ch 1:    1M Ohm   1.0 : 1 
 Ch 2:    1M Ohm   1.0 : 1 

Time Time Ref  Main s/div  Delay 
Roll   Right     20.0s/     0.0s 

Acquisition  # Avgs  Realtime  Vectors  Infinite Persistence 
 Averaging     1        On        On             Off         

